campaign_id,customer_id,channel,campaign_date,campaign_cost
1,604,Referral,2025-02-09,159.76
2,253,LinkedIn,2024-09-19,165.2
3,815,LinkedIn,2024-12-05,137.1
4,779,LinkedIn,2024-02-27,91.91
5,572,Email,2025-04-16,62.81
6,716,Email,2025-11-24,24.59
7,349,Google Ads,2024-07-31,92.08
8,527,LinkedIn,2025-05-25,185.78
9,323,Google Ads,2025-11-22,182.43
10,649,Email,2024-03-20,114.54
11,406,Referral,2025-09-24,85.13
12,709,Email,2024-08-13,126.78
13,476,Email,2024-02-01,51.83
14,45,Referral,2024-12-04,61.02
15,941,Facebook,2024-01-22,193.19
16,244,LinkedIn,2025-12-02,52.92
17,772,Google Ads,2025-01-22,168.64
18,323,LinkedIn,2024-08-26,138.33
19,182,Google Ads,2024-07-02,82.76
20,425,Referral,2025-02-26,70.78
21,196,Referral,2025-10-09,16.54
22,653,LinkedIn,2025-08-16,54.57
23,976,LinkedIn,2024-09-07,169.5
24,680,Facebook,2024-12-09,187.39
25,522,Facebook,2024-02-09,96.48
26,483,Referral,2024-11-01,145.14
27,647,Email,2025-07-31,124.51
28,750,Facebook,2025-11-30,104.99
29,43,Google Ads,2025-05-04,150.87
30,497,Referral,2024-05-23,103.66
31,108,LinkedIn,2025-02-24,10.4
32,349,Google Ads,2024-12-06,191.14
33,336,LinkedIn,2024-07-06,22.87
34,203,LinkedIn,2025-05-21,110.55
35,687,Referral,2025-05-16,72.22
36,939,LinkedIn,2025-09-07,40.01
37,623,Referral,2025-08-09,74.39
38,612,LinkedIn,2025-04-27,10.2
39,766,Email,2025-06-13,186.27
40,104,Referral,2024-10-07,141.06
41,539,Google Ads,2024-01-11,20.36
42,49,Email,2025-08-14,33.56
43,197,LinkedIn,2024-03-05,39.39
44,600,Email,2025-09-29,58.18
45,158,Referral,2024-04-10,161.81
46,27,LinkedIn,2024-01-05,114.51
47,231,Referral,2025-09-23,131.49
48,247,Google Ads,2024-12-03,71.39
49,677,Facebook,2024-09-17,70.7
50,88,Google Ads,2024-09-07,102.03
51,676,LinkedIn,2024-12-27,100.43
52,576,LinkedIn,2025-01-31,8.73
53,144,Facebook,2024-06-09,102.81
54,481,LinkedIn,2024-02-19,41.05
55,216,Facebook,2025-02-26,192.8
56,723,LinkedIn,2025-09-12,21.55
57,444,LinkedIn,2025-06-25,81.19
58,426,LinkedIn,2025-11-07,48.18
59,672,Referral,2024-08-10,11.58
60,439,Referral,2024-09-17,116.51
61,61,LinkedIn,2024-05-28,127.3
62,934,Google Ads,2024-09-28,7.42
63,443,Referral,2024-05-29,87.08
64,917,Facebook,2024-08-08,185.06
65,40,Email,2024-06-19,155.0
66,269,Facebook,2025-04-05,105.13
67,584,LinkedIn,2025-08-22,192.78
68,624,Email,2024-02-07,150.19
69,241,Email,2025-11-07,130.0
70,862,Email,2025-11-15,31.96
71,168,Email,2024-07-14,122.9
72,901,Referral,2025-11-23,91.54
73,442,LinkedIn,2024-01-31,29.81
74,291,Email,2025-12-30,131.33
75,825,Referral,2025-06-01,73.84
76,417,Email,2024-06-05,116.26
77,221,LinkedIn,2024-11-17,33.27
78,730,Email,2025-08-02,171.42
79,411,Facebook,2024-03-03,91.29
80,571,LinkedIn,2025-10-19,31.47
81,329,Referral,2024-01-30,45.26
82,448,LinkedIn,2024-07-13,76.5
83,291,Referral,2024-03-01,164.0
84,386,Email,2025-10-14,6.11
85,231,Email,2025-07-01,141.5
86,135,Facebook,2024-05-11,155.83
87,573,Google Ads,2025-12-10,75.95
88,327,LinkedIn,2024-12-17,22.03
89,897,Email,2024-07-07,48.59
90,914,Google Ads,2024-08-10,113.77
91,467,Facebook,2025-03-13,53.0
92,887,LinkedIn,2024-03-09,189.26
93,982,Facebook,2025-04-14,78.5
94,547,Email,2025-02-15,135.36
95,151,Google Ads,2024-08-13,105.55
96,736,LinkedIn,2025-03-27,10.83
97,229,LinkedIn,2025-06-13,193.12
98,502,Referral,2024-04-06,81.74
99,202,Email,2025-07-29,162.49
100,224,Facebook,2024-11-13,199.73
101,844,Email,2025-04-11,33.9
102,965,Google Ads,2025-11-28,188.64
103,479,LinkedIn,2024-04-13,116.99
104,297,Email,2024-01-07,126.93
105,642,Facebook,2025-12-09,73.53
106,921,Google Ads,2025-04-16,13.51
107,438,Email,2024-03-04,175.07
108,862,Referral,2024-10-29,64.79
109,424,Referral,2024-09-22,49.72
110,379,Referral,2025-05-27,138.59
111,776,LinkedIn,2025-06-16,98.67
112,352,LinkedIn,2025-04-22,75.3
113,157,Referral,2025-04-07,110.74
114,189,Referral,2024-07-12,34.21
115,545,LinkedIn,2024-11-07,40.95
116,646,LinkedIn,2025-06-27,89.76
117,172,Facebook,2024-12-13,85.46
118,571,Email,2025-07-27,127.07
119,593,LinkedIn,2025-08-11,77.97
120,246,Referral,2025-05-25,173.6
121,271,Email,2025-08-05,114.53
122,90,LinkedIn,2024-07-04,171.82
123,752,Google Ads,2025-09-29,34.78
124,919,Referral,2024-06-01,78.05
125,306,Referral,2025-11-09,124.96
126,436,Referral,2024-01-14,113.52
127,526,Referral,2024-10-23,46.89
128,252,Google Ads,2025-04-16,193.48
129,833,Google Ads,2024-02-06,154.64
130,797,Email,2024-03-10,54.43
131,955,Google Ads,2025-09-21,116.49
132,440,LinkedIn,2024-06-14,127.06
133,541,Google Ads,2025-06-28,30.21
134,854,Facebook,2025-07-17,118.92
135,865,Facebook,2024-09-11,157.99
136,235,Referral,2025-04-15,104.29
137,168,Email,2025-02-06,110.54
138,798,Referral,2025-05-17,133.83
139,834,Referral,2025-04-22,31.68
140,713,Email,2024-12-09,29.61
141,818,Google Ads,2025-08-20,61.46
142,799,Referral,2025-11-02,74.47
143,793,Email,2024-10-28,79.78
144,782,Google Ads,2025-12-18,47.93
145,566,LinkedIn,2024-06-28,159.81
146,553,LinkedIn,2024-10-19,151.96
147,626,Facebook,2024-11-12,109.46
148,642,Referral,2025-04-18,161.89
149,28,Google Ads,2025-04-21,186.65
150,436,LinkedIn,2025-10-10,147.07
151,203,Email,2025-12-28,82.94
152,799,Facebook,2024-10-21,22.94
153,291,LinkedIn,2024-01-27,198.75
154,291,Referral,2024-09-15,44.1
155,845,Referral,2024-04-03,47.24
156,438,Google Ads,2025-08-12,181.7
157,963,Referral,2025-12-09,176.39
158,934,Facebook,2025-12-26,83.3
159,155,LinkedIn,2024-05-22,38.21
160,202,Facebook,2024-05-09,19.53
161,176,Google Ads,2025-03-04,161.52
162,844,Email,2024-06-12,175.07
163,402,Google Ads,2025-01-03,189.21
164,356,Referral,2025-05-25,196.1
165,428,Facebook,2025-05-14,77.74
166,858,Referral,2025-01-17,171.85
167,996,Referral,2025-01-29,92.36
168,273,Facebook,2024-02-21,61.68
169,169,Email,2025-04-04,9.25
170,244,Facebook,2025-10-11,13.04
171,556,Google Ads,2024-09-02,66.78
172,338,LinkedIn,2024-10-04,23.07
173,992,Referral,2025-02-25,66.95
174,147,Facebook,2025-08-21,136.37
175,190,Referral,2024-04-20,115.88
176,254,Email,2024-07-30,142.98
177,744,Facebook,2025-01-30,170.36
178,465,LinkedIn,2024-05-28,67.5
179,152,Email,2024-09-11,107.43
180,807,LinkedIn,2024-01-24,196.46
181,344,Facebook,2025-08-20,188.05
182,208,Facebook,2025-04-01,121.67
183,741,Referral,2024-12-24,155.79
184,787,LinkedIn,2025-06-14,73.31
185,936,Facebook,2025-05-30,195.44
186,276,Email,2025-07-18,153.2
187,171,Facebook,2025-11-09,15.46
188,38,Email,2024-06-24,160.92
189,564,LinkedIn,2024-03-13,68.76
190,837,Google Ads,2025-03-13,98.28
191,203,Email,2025-07-22,84.15
192,207,Referral,2025-06-08,193.07
193,880,LinkedIn,2024-04-15,125.15
194,311,Facebook,2024-02-17,9.52
195,337,Email,2025-07-17,128.0
196,868,Referral,2025-07-18,160.26
197,643,LinkedIn,2025-11-22,70.57
198,393,Referral,2024-02-22,42.22
199,799,Referral,2025-09-25,53.86
200,665,Google Ads,2024-12-21,94.92
201,10,Email,2025-06-19,143.6
202,144,Email,2025-02-15,88.97
203,384,LinkedIn,2024-09-16,109.4
204,555,Google Ads,2024-10-03,101.09
205,364,Facebook,2024-03-01,87.6
206,81,Email,2024-06-07,101.12
207,118,Google Ads,2024-12-24,11.77
208,792,Google Ads,2025-02-25,176.92
209,659,LinkedIn,2025-11-16,66.35
210,266,Referral,2024-07-28,80.13
211,924,Google Ads,2024-08-14,189.38
212,880,LinkedIn,2024-05-31,30.48
213,778,LinkedIn,2025-12-08,19.44
214,263,Referral,2024-12-02,111.93
215,972,LinkedIn,2024-05-29,107.64
216,449,Email,2025-04-23,139.56
217,104,Facebook,2025-10-08,133.93
218,276,Referral,2024-10-09,187.93
219,787,LinkedIn,2025-03-25,45.96
220,697,Referral,2024-06-01,72.15
221,544,Email,2025-08-01,109.31
222,709,Facebook,2025-08-23,198.35
223,461,Email,2024-11-12,55.02
224,894,Referral,2025-11-06,165.36
225,482,Email,2024-03-25,129.47
226,498,LinkedIn,2025-11-26,178.12
227,893,Facebook,2024-05-07,125.34
228,849,Google Ads,2025-10-12,67.71
229,532,LinkedIn,2024-07-21,164.59
230,830,LinkedIn,2024-01-02,42.33
231,243,Google Ads,2025-09-24,21.99
232,981,Email,2025-11-04,78.25
233,426,Facebook,2024-01-09,179.9
234,948,Email,2025-04-06,164.96
235,951,LinkedIn,2025-01-20,38.2
236,816,Google Ads,2024-01-31,72.46
237,634,Referral,2024-10-21,17.28
238,908,Referral,2024-06-17,48.37
239,443,LinkedIn,2025-12-09,68.98
240,393,LinkedIn,2025-02-17,53.73
241,371,Google Ads,2025-04-20,93.33
242,660,Referral,2025-05-24,171.69
243,888,LinkedIn,2025-09-16,40.3
244,190,Referral,2025-08-01,143.79
245,925,Referral,2025-05-13,191.62
246,569,Google Ads,2024-01-16,6.14
247,414,Email,2025-01-15,29.06
248,476,Facebook,2024-11-02,74.28
249,980,Google Ads,2025-07-21,22.38
250,257,Google Ads,2024-03-15,188.42
251,234,Referral,2025-01-08,178.39
252,12,LinkedIn,2024-02-09,90.96
253,31,LinkedIn,2025-08-30,6.87
254,931,LinkedIn,2024-08-26,59.45
255,764,Facebook,2025-08-24,194.08
256,327,Email,2024-05-11,193.17
257,153,Referral,2025-04-14,113.64
258,431,LinkedIn,2024-11-09,23.54
259,651,LinkedIn,2025-04-02,149.02
260,571,Google Ads,2025-10-17,55.7
261,43,Facebook,2024-06-12,12.46
262,743,Facebook,2025-02-18,8.99
263,855,Referral,2025-02-26,23.82
264,770,Facebook,2024-11-22,101.51
265,168,Google Ads,2024-10-31,30.86
266,835,LinkedIn,2025-06-07,135.4
267,282,LinkedIn,2024-04-29,144.48
268,561,Referral,2024-05-26,187.1
269,363,Email,2025-04-20,59.37
270,649,Facebook,2024-03-12,145.96
271,676,Referral,2025-06-07,184.86
272,248,Email,2024-10-25,96.66
273,91,Referral,2024-05-01,159.21
274,647,Facebook,2025-10-12,123.76
275,496,Google Ads,2025-08-20,45.82
276,19,Facebook,2024-09-13,84.77
277,434,Google Ads,2025-02-28,8.85
278,192,LinkedIn,2025-12-15,163.9
279,488,Facebook,2025-07-26,103.93
280,293,LinkedIn,2024-07-11,178.69
281,899,Email,2025-05-19,180.14
282,70,Facebook,2025-07-25,70.41
283,489,Google Ads,2024-09-04,140.6
284,958,LinkedIn,2024-04-16,77.56
285,63,Referral,2024-03-03,135.52
286,271,LinkedIn,2024-08-24,153.8
287,228,Google Ads,2024-08-19,110.66
288,987,Google Ads,2025-03-15,85.05
289,536,Email,2024-04-26,28.7
290,89,Email,2025-01-17,55.36
291,722,Email,2024-04-27,105.16
292,698,Referral,2025-02-06,61.95
293,891,Google Ads,2024-12-20,75.45
294,638,Google Ads,2024-05-30,86.82
295,382,Facebook,2024-05-06,104.85
296,327,Referral,2024-09-22,191.91
297,563,Facebook,2024-05-19,109.94
298,98,Facebook,2024-07-28,9.19
299,572,Referral,2025-04-01,111.11
300,149,LinkedIn,2025-06-22,189.03
301,617,Google Ads,2024-02-04,108.14
302,136,Google Ads,2024-07-09,6.82
303,81,Email,2025-12-17,135.21
304,217,LinkedIn,2025-11-25,83.83
305,582,Email,2024-11-02,182.88
306,862,Google Ads,2025-07-15,101.99
307,43,Referral,2025-10-19,152.92
308,985,Email,2025-04-19,36.19
309,749,Referral,2025-02-11,179.98
310,409,Referral,2024-05-21,67.68
311,8,LinkedIn,2025-12-06,27.68
312,838,Google Ads,2024-05-04,50.92
313,544,Referral,2024-12-19,88.93
314,717,Email,2025-06-30,57.17
315,221,LinkedIn,2025-12-01,78.17
316,82,Email,2025-07-20,164.88
317,627,Referral,2024-12-31,171.4
318,478,LinkedIn,2025-02-06,116.18
319,100,Referral,2025-12-07,53.06
320,610,Facebook,2024-06-19,15.56
321,880,Facebook,2025-06-12,175.72
322,292,Email,2024-03-08,5.31
323,950,Email,2024-07-01,25.25
324,75,Email,2025-07-20,58.92
325,612,Facebook,2024-12-12,160.29
326,952,Email,2025-11-06,56.09
327,965,Referral,2024-07-07,31.88
328,642,Email,2024-08-30,108.56
329,468,Referral,2024-07-08,17.87
330,500,Facebook,2024-08-18,147.84
331,586,LinkedIn,2024-03-27,78.44
332,750,Google Ads,2025-05-31,48.07
333,773,Google Ads,2024-05-04,115.46
334,746,Google Ads,2025-10-17,191.19
335,428,Google Ads,2024-07-07,180.71
336,134,Google Ads,2025-03-12,19.03
337,75,LinkedIn,2024-01-29,155.92
338,746,Facebook,2025-07-31,150.96
339,922,Google Ads,2025-10-28,66.37
340,897,Google Ads,2024-09-18,120.67
341,578,Referral,2025-04-07,39.67
342,977,Google Ads,2024-03-19,154.74
343,909,Referral,2025-06-19,66.89
344,802,LinkedIn,2025-04-09,21.63
345,102,LinkedIn,2024-09-24,153.26
346,257,Email,2025-06-19,128.15
347,343,Email,2024-01-31,150.17
348,401,Facebook,2025-10-06,107.94
349,355,Facebook,2024-11-24,141.88
350,954,Google Ads,2024-06-01,11.23
351,964,Facebook,2024-11-28,10.63
352,840,Google Ads,2024-11-30,65.56
353,323,LinkedIn,2024-09-13,166.59
354,160,Facebook,2024-08-02,81.06
355,503,Referral,2025-09-30,184.58
356,953,Google Ads,2024-07-04,19.91
357,398,Google Ads,2025-01-18,114.59
358,951,Google Ads,2025-09-25,126.91
359,779,Referral,2025-05-19,120.78
360,148,Referral,2024-03-06,106.66
361,262,Email,2024-11-16,164.71
362,531,Google Ads,2024-08-07,169.15
363,391,Google Ads,2025-10-30,96.01
364,435,Email,2025-09-04,119.68
365,98,Facebook,2025-07-15,9.11
366,592,Google Ads,2025-12-02,77.63
367,241,Google Ads,2025-11-23,28.38
368,116,Google Ads,2024-11-11,116.66
369,535,LinkedIn,2024-09-13,77.69
370,425,Facebook,2024-11-28,132.89
371,997,Facebook,2024-10-17,131.5
372,707,Google Ads,2024-07-18,40.37
373,98,Referral,2025-07-11,100.81
374,627,LinkedIn,2025-07-11,28.21
375,496,Google Ads,2024-07-02,113.53
376,2,Referral,2025-01-27,111.7
377,940,Facebook,2025-04-16,179.81
378,355,LinkedIn,2024-04-07,32.31
379,874,LinkedIn,2024-10-13,45.81
380,990,LinkedIn,2024-02-12,137.88
381,19,Email,2024-09-04,38.05
382,254,Referral,2024-01-31,166.13
383,483,Google Ads,2024-11-17,116.02
384,827,LinkedIn,2024-04-13,14.51
385,292,Referral,2025-10-25,143.6
386,550,Email,2024-04-30,47.79
387,914,Facebook,2025-01-30,25.89
388,527,Referral,2024-03-05,196.38
389,783,LinkedIn,2025-01-24,159.73
390,210,Google Ads,2025-11-07,22.08
391,614,LinkedIn,2024-06-23,74.39
392,187,LinkedIn,2025-02-25,141.35
393,766,Email,2024-05-15,66.54
394,820,Facebook,2025-03-27,103.74
395,132,Email,2024-04-20,43.18
396,250,Facebook,2024-08-30,104.55
397,575,Referral,2025-08-31,35.22
398,452,Google Ads,2024-12-21,175.93
399,981,LinkedIn,2025-02-16,65.63
400,963,LinkedIn,2025-02-22,63.52
401,918,LinkedIn,2024-04-07,19.45
402,730,Facebook,2024-08-28,136.91
403,411,Google Ads,2025-10-15,20.8
404,34,Email,2024-06-23,179.12
405,710,Email,2024-12-07,196.88
406,636,LinkedIn,2024-01-14,151.08
407,663,Email,2025-08-23,175.35
408,153,Email,2025-09-22,108.12
409,638,Email,2025-05-28,62.16
410,568,Referral,2024-05-04,56.84
411,924,Google Ads,2025-10-15,72.38
412,188,Facebook,2025-10-20,107.32
413,479,Email,2025-07-20,36.17
414,837,Facebook,2024-08-06,141.85
415,983,LinkedIn,2025-05-17,197.72
416,887,Google Ads,2024-06-07,8.08
417,37,Email,2024-11-29,25.98
418,91,Facebook,2025-08-21,102.82
419,294,LinkedIn,2024-01-31,163.7
420,366,Facebook,2025-12-16,73.82
421,276,Referral,2025-06-15,38.72
422,128,Email,2025-02-11,86.56
423,430,Email,2025-06-03,42.15
424,463,LinkedIn,2025-03-18,109.55
425,163,Email,2024-06-17,103.46
426,568,Email,2024-10-08,195.54
427,964,Google Ads,2025-12-31,111.13
428,44,Email,2025-03-13,195.73
429,159,Google Ads,2025-08-22,31.79
430,315,LinkedIn,2025-09-05,150.45
431,579,Google Ads,2025-04-23,47.97
432,364,Facebook,2024-12-16,125.43
433,95,LinkedIn,2024-11-03,122.27
434,774,Facebook,2024-09-11,68.76
435,896,Facebook,2025-09-18,70.69
436,305,Facebook,2024-12-22,75.96
437,484,Facebook,2025-06-16,109.7
438,755,LinkedIn,2025-10-20,130.48
439,522,LinkedIn,2024-08-08,185.94
440,916,Facebook,2025-04-23,48.21
441,792,Email,2025-11-02,36.29
442,385,Facebook,2025-09-22,71.41
443,164,Email,2024-07-18,92.16
444,626,Email,2024-09-06,65.65
445,725,LinkedIn,2025-05-01,150.82
446,302,Facebook,2025-07-18,128.32
447,59,Google Ads,2025-10-01,20.88
448,141,Facebook,2024-08-21,58.64
449,229,Referral,2024-10-05,48.24
450,122,Google Ads,2024-09-28,129.8
451,728,Referral,2024-05-19,19.49
452,268,Google Ads,2024-07-12,15.64
453,191,LinkedIn,2025-01-24,107.03
454,586,Email,2025-08-27,64.48
455,181,Referral,2024-05-20,121.64
456,8,LinkedIn,2024-01-30,193.55
457,913,LinkedIn,2025-08-09,31.77
458,741,Email,2025-03-01,24.85
459,229,Facebook,2025-04-05,197.3
460,728,Email,2025-06-29,169.6
461,367,LinkedIn,2025-07-27,113.53
462,523,Referral,2024-10-12,7.41
463,761,LinkedIn,2025-05-18,8.21
464,512,LinkedIn,2024-01-17,198.57
465,260,Facebook,2024-09-02,27.63
466,516,LinkedIn,2025-08-24,199.48
467,125,LinkedIn,2025-05-26,26.0
468,339,Referral,2025-09-08,166.92
469,157,Facebook,2025-05-19,75.82
470,360,LinkedIn,2024-09-15,191.78
471,915,Google Ads,2024-08-27,195.44
472,138,Email,2025-11-26,169.49
473,556,Google Ads,2025-03-26,7.0
474,82,Facebook,2025-02-19,108.88
475,34,Google Ads,2025-12-20,38.94
476,57,Email,2024-12-25,88.98
477,981,Email,2025-01-20,183.33
478,177,Email,2025-10-29,120.05
479,515,Google Ads,2024-04-26,181.04
480,657,Email,2024-03-17,10.32
481,199,Email,2025-05-05,87.58
482,379,Email,2025-11-08,136.27
483,620,Email,2024-10-09,20.14
484,232,Email,2025-08-29,167.15
485,767,LinkedIn,2025-03-07,61.2
486,218,Facebook,2025-03-20,153.1
487,47,Referral,2024-08-19,16.06
488,105,Email,2024-11-07,94.72
489,619,Referral,2025-10-20,50.56
490,245,Google Ads,2024-11-29,117.56
491,539,LinkedIn,2025-03-11,137.99
492,846,Facebook,2024-02-18,162.31
493,463,LinkedIn,2024-10-09,64.27
494,294,Email,2025-08-31,157.7
495,470,Google Ads,2024-04-10,61.38
496,340,LinkedIn,2025-05-17,75.04
497,167,Google Ads,2024-12-28,47.47
498,883,Referral,2024-04-20,198.92
499,758,Email,2025-10-23,47.45
500,339,LinkedIn,2025-02-04,154.62
501,510,Email,2024-09-06,115.02
502,584,Referral,2024-07-12,155.62
503,685,LinkedIn,2024-04-13,181.26
504,590,Facebook,2024-07-13,65.01
505,133,LinkedIn,2025-06-01,107.18
506,27,Facebook,2025-08-05,121.04
507,562,Facebook,2025-03-11,166.69
508,666,Facebook,2024-08-16,136.34
509,109,Referral,2025-01-25,57.53
510,767,LinkedIn,2025-03-23,16.45
511,776,Facebook,2024-11-14,31.67
512,566,Referral,2025-09-10,108.67
513,696,Referral,2025-08-15,94.13
514,520,Email,2025-04-17,199.97
515,98,LinkedIn,2025-02-23,83.5
516,999,LinkedIn,2024-08-01,122.19
517,689,Google Ads,2025-02-10,33.9
518,997,Google Ads,2025-03-04,50.5
519,135,LinkedIn,2024-11-19,80.71
520,13,Referral,2025-03-17,83.33
521,514,Referral,2024-07-13,30.0
522,629,Facebook,2025-12-14,166.88
523,447,Email,2024-09-05,59.66
524,828,LinkedIn,2025-05-23,140.6
525,61,Google Ads,2025-03-08,18.6
526,648,Facebook,2024-08-21,173.14
527,301,Facebook,2024-12-25,114.37
528,887,Google Ads,2025-11-05,107.16
529,399,Google Ads,2025-12-26,26.6
530,846,Google Ads,2025-06-15,116.65
531,261,Google Ads,2024-08-28,177.12
532,961,Email,2025-06-30,159.78
533,985,Email,2024-03-26,28.87
534,527,LinkedIn,2025-04-08,75.84
535,965,Referral,2025-03-12,47.31
536,391,LinkedIn,2024-02-23,5.33
537,386,Referral,2025-01-09,199.59
538,630,LinkedIn,2024-02-01,139.07
539,119,Referral,2024-12-18,146.82
540,368,Google Ads,2025-07-14,38.23
541,422,Email,2025-07-17,157.45
542,844,LinkedIn,2024-08-30,88.69
543,512,Facebook,2024-10-18,107.77
544,909,Email,2025-06-14,16.9
545,9,Google Ads,2024-02-01,191.8
546,189,Email,2025-11-06,38.83
547,411,LinkedIn,2024-03-01,38.99
548,173,Facebook,2025-09-11,103.82
549,887,Facebook,2024-06-30,86.16
550,308,LinkedIn,2025-03-07,155.55
551,871,Referral,2025-12-18,106.59
552,541,Referral,2024-05-04,118.9
553,761,Facebook,2024-04-01,147.16
554,399,LinkedIn,2024-04-20,129.42
555,181,Referral,2025-08-04,51.14
556,453,Google Ads,2025-04-13,52.22
557,179,Email,2024-10-25,38.85
558,402,Facebook,2025-06-05,54.34
559,57,Email,2025-08-06,129.91
560,939,Email,2025-04-04,38.47
561,212,Email,2025-07-06,96.52
562,994,Email,2025-03-13,100.98
563,848,Referral,2025-08-22,172.06
564,249,Google Ads,2025-08-19,158.43
565,783,Google Ads,2024-11-08,185.92
566,548,Google Ads,2024-10-01,175.58
567,182,Facebook,2025-10-07,174.4
568,565,Email,2024-08-06,136.34
569,303,Google Ads,2025-11-24,100.13
570,240,Google Ads,2024-10-22,45.64
571,711,Referral,2024-10-08,81.53
572,945,Email,2025-11-02,82.82
573,317,Referral,2024-02-28,128.18
574,408,Facebook,2024-06-10,5.2
575,642,LinkedIn,2025-07-19,145.18
576,820,Google Ads,2025-08-07,186.34
577,849,Referral,2025-03-28,12.87
578,425,Email,2025-12-10,53.87
579,91,LinkedIn,2024-03-05,74.91
580,427,Google Ads,2024-01-24,154.96
581,162,Facebook,2025-01-31,12.17
582,155,Email,2025-02-10,118.75
583,104,LinkedIn,2024-01-08,112.49
584,313,Email,2025-05-22,173.75
585,141,LinkedIn,2025-01-25,153.92
586,203,Referral,2024-11-24,143.57
587,267,Google Ads,2024-02-26,76.03
588,9,Email,2025-04-16,92.13
589,590,Email,2024-09-05,44.25
590,54,Referral,2025-10-21,49.92
591,780,Facebook,2025-09-26,178.51
592,924,Email,2024-03-14,92.41
593,171,LinkedIn,2024-06-26,26.09
594,787,Email,2024-08-02,167.3
595,217,Referral,2025-01-06,143.1
596,399,Referral,2025-03-20,21.15
597,256,LinkedIn,2025-09-15,111.46
598,874,Facebook,2025-10-19,179.22
599,613,Google Ads,2024-09-25,66.15
600,533,Facebook,2025-06-04,65.74
601,519,Facebook,2024-02-14,80.82
602,478,Referral,2024-12-06,110.26
603,38,Email,2025-09-23,18.75
604,356,Email,2024-05-20,75.76
605,819,Email,2024-09-15,142.29
606,312,Referral,2025-01-22,148.26
607,432,Email,2024-04-21,19.75
608,447,Facebook,2025-11-20,180.81
609,404,Referral,2025-05-18,38.52
610,786,Referral,2024-01-10,48.19
611,133,LinkedIn,2025-11-13,20.69
612,420,Email,2025-01-03,131.26
613,5,Google Ads,2025-09-13,75.09
614,242,Referral,2025-08-25,152.76
615,121,LinkedIn,2024-08-05,63.78
616,303,LinkedIn,2024-06-13,47.16
617,592,Referral,2025-09-24,81.42
618,911,Email,2025-03-16,9.34
619,15,Referral,2025-10-24,12.54
620,417,Referral,2024-09-04,159.58
621,357,Referral,2024-09-18,127.78
622,879,LinkedIn,2025-01-19,111.08
623,313,Google Ads,2024-04-24,88.4
624,710,LinkedIn,2025-06-22,191.6
625,642,Facebook,2024-02-29,122.0
626,56,Referral,2025-04-25,165.02
627,386,Google Ads,2024-06-28,47.68
628,237,Facebook,2025-05-16,78.54
629,386,Email,2025-04-09,152.79
630,703,Facebook,2025-02-09,163.51
631,758,Referral,2024-03-07,105.74
632,360,Referral,2024-01-26,111.32
633,863,Facebook,2024-03-30,147.58
634,271,Referral,2025-09-27,82.54
635,335,LinkedIn,2024-11-05,196.78
636,137,Referral,2024-06-10,74.91
637,912,Email,2024-08-25,107.49
638,744,Referral,2025-09-07,24.48
639,554,LinkedIn,2024-05-13,107.4
640,142,Facebook,2025-05-06,101.14
641,576,Google Ads,2025-04-10,50.77
642,344,LinkedIn,2024-03-20,49.43
643,655,LinkedIn,2024-10-31,59.0
644,738,Email,2024-02-14,109.48
645,531,LinkedIn,2025-01-10,94.92
646,511,Google Ads,2025-02-12,135.98
647,479,Referral,2024-11-09,53.47
648,696,LinkedIn,2024-10-05,15.4
649,924,Referral,2025-11-16,131.38
650,392,Referral,2024-04-01,28.38
651,504,Referral,2024-12-30,30.37
652,985,LinkedIn,2024-11-24,98.01
653,908,Email,2025-12-23,136.54
654,129,Referral,2024-09-21,144.62
655,723,Referral,2024-04-24,193.82
656,553,Email,2024-06-25,144.07
657,790,LinkedIn,2025-07-17,97.78
658,446,LinkedIn,2025-01-17,183.03
659,871,Email,2024-01-01,172.07
660,372,Email,2025-11-29,76.09
661,321,LinkedIn,2024-11-20,60.25
662,135,Email,2025-06-07,7.08
663,286,Google Ads,2025-07-05,95.08
664,352,LinkedIn,2024-10-26,24.76
665,340,Referral,2024-12-21,168.55
666,936,Google Ads,2024-10-08,160.77
667,495,LinkedIn,2025-10-29,54.76
668,613,LinkedIn,2024-09-25,126.32
669,503,Referral,2025-02-08,27.83
670,314,Email,2025-03-22,100.81
671,920,Email,2024-05-07,95.53
672,136,Referral,2025-12-27,67.68
673,504,Facebook,2024-06-18,116.89
674,166,Google Ads,2024-05-01,183.12
675,476,Referral,2024-03-03,15.25
676,211,Email,2024-06-09,137.27
677,115,LinkedIn,2025-03-09,34.31
678,925,LinkedIn,2024-03-21,159.88
679,10,Google Ads,2025-10-14,133.22
680,939,Referral,2024-09-23,174.09
681,248,Email,2025-08-21,13.73
682,950,Google Ads,2024-07-25,52.57
683,22,Facebook,2025-08-28,103.59
684,558,Email,2025-09-14,53.51
685,379,Referral,2025-09-15,114.06
686,247,Referral,2025-04-30,42.56
687,647,Referral,2024-09-10,77.69
688,241,Google Ads,2025-02-07,24.9
689,357,LinkedIn,2025-01-27,84.06
690,349,Referral,2024-02-27,155.17
691,402,Email,2024-01-06,101.32
692,627,Email,2025-08-26,119.76
693,76,Google Ads,2024-03-10,54.81
694,434,Email,2025-07-10,48.98
695,474,Email,2025-08-19,10.32
696,880,Google Ads,2024-05-11,34.23
697,132,Facebook,2024-07-08,26.02
698,895,Referral,2024-11-21,190.37
699,70,Facebook,2024-11-21,43.52
700,278,Facebook,2025-10-30,26.59
701,459,Email,2025-12-14,92.6
702,118,Referral,2025-09-14,124.54
703,443,Facebook,2025-08-24,149.05
704,641,Google Ads,2025-06-06,180.08
705,553,Google Ads,2024-04-25,159.39
706,409,LinkedIn,2024-11-12,137.87
707,386,LinkedIn,2024-04-29,41.23
708,501,Facebook,2025-05-16,40.32
709,456,Google Ads,2025-03-13,160.88
710,882,Google Ads,2024-01-12,60.53
711,791,Referral,2025-12-16,189.88
712,530,Email,2024-05-12,50.59
713,965,Google Ads,2025-03-17,75.26
714,207,Referral,2024-12-22,125.27
715,268,LinkedIn,2025-05-22,109.44
716,122,LinkedIn,2024-06-13,187.85
717,422,Referral,2024-03-22,139.4
718,776,Email,2025-05-15,108.51
719,3,Referral,2025-12-26,100.33
720,961,Referral,2024-02-20,96.5
721,611,LinkedIn,2024-01-22,190.56
722,967,Referral,2025-10-18,146.84
723,197,Facebook,2025-10-11,186.43
724,360,Referral,2024-02-16,9.26
725,852,Email,2025-09-04,104.69
726,904,Email,2024-01-19,72.14
727,133,Email,2024-04-26,28.34
728,607,Facebook,2025-10-18,85.12
729,693,LinkedIn,2025-12-04,127.65
730,105,Google Ads,2024-02-24,82.82
731,168,Google Ads,2024-02-17,125.83
732,27,Referral,2024-10-17,128.52
733,51,Facebook,2025-07-17,192.83
734,185,Google Ads,2024-11-23,11.87
735,296,Referral,2025-06-03,92.81
736,811,LinkedIn,2024-08-04,108.55
737,556,Email,2025-03-01,62.89
738,908,Google Ads,2024-12-06,164.65
739,926,Google Ads,2025-12-10,196.89
740,23,Referral,2024-05-01,38.57
741,952,Google Ads,2025-01-18,140.92
742,187,Google Ads,2024-09-18,105.2
743,641,Email,2024-11-19,197.19
744,926,LinkedIn,2024-04-23,181.31
745,451,LinkedIn,2024-03-27,64.91
746,976,Email,2024-07-19,113.72
747,613,LinkedIn,2025-05-13,195.17
748,720,Email,2025-08-27,176.44
749,357,Referral,2024-08-11,57.32
750,357,Google Ads,2025-01-17,6.27
751,827,Google Ads,2025-05-03,197.15
752,860,Google Ads,2024-11-01,117.15
753,432,LinkedIn,2024-09-06,156.93
754,113,Referral,2025-01-25,120.07
755,4,Email,2024-03-30,21.0
756,671,Email,2025-03-04,56.74
757,340,Google Ads,2025-10-08,175.16
758,183,Email,2025-02-15,92.26
759,923,LinkedIn,2025-11-24,43.33
760,802,LinkedIn,2024-03-13,92.31
761,581,Email,2024-02-06,169.17
762,243,LinkedIn,2024-11-10,156.9
763,31,Google Ads,2024-06-06,107.16
764,375,Google Ads,2024-08-17,187.89
765,74,Email,2024-02-12,96.68
766,287,LinkedIn,2024-02-27,12.9
767,652,Referral,2025-04-21,105.58
768,738,Email,2024-01-24,19.76
769,975,Facebook,2025-01-01,45.92
770,524,Referral,2024-11-16,159.15
771,198,Referral,2024-01-09,76.45
772,373,Email,2025-11-29,10.89
773,289,LinkedIn,2025-01-18,13.59
774,169,Facebook,2025-09-10,21.13
775,95,Email,2025-01-16,147.59
776,473,Facebook,2024-05-07,199.45
777,165,Email,2024-04-12,161.22
778,1000,Email,2025-09-27,51.39
779,322,Facebook,2024-10-01,113.9
780,415,Email,2025-05-17,73.72
781,215,Email,2025-07-11,184.06
782,670,Email,2024-10-05,122.98
783,408,Email,2024-02-15,169.16
784,551,Email,2025-09-10,167.37
785,326,Facebook,2024-11-06,106.48
786,139,Google Ads,2025-03-11,96.68
787,771,Facebook,2025-05-26,135.71
788,103,LinkedIn,2025-02-08,31.47
789,505,Google Ads,2025-08-26,48.41
790,764,Google Ads,2025-07-15,146.91
791,20,Facebook,2024-07-04,42.41
792,931,Facebook,2025-02-12,88.94
793,362,Facebook,2024-12-26,165.88
794,406,LinkedIn,2024-08-20,121.04
795,314,Facebook,2024-09-20,76.23
796,956,LinkedIn,2024-11-25,159.73
797,781,Email,2024-09-28,135.31
798,69,LinkedIn,2024-12-25,193.52
799,212,Facebook,2024-03-22,140.01
800,5,LinkedIn,2025-05-04,10.82
801,723,Google Ads,2024-07-26,55.14
802,71,Facebook,2025-06-02,117.78
803,666,Google Ads,2025-06-08,88.79
804,702,Referral,2024-05-10,155.08
805,502,Google Ads,2025-07-06,8.84
806,239,Facebook,2024-04-20,10.93
807,402,Referral,2025-02-01,47.13
808,482,Google Ads,2024-11-28,54.11
809,491,LinkedIn,2025-11-13,182.41
810,988,Email,2025-12-08,91.13
811,418,Referral,2024-10-27,23.15
812,185,Facebook,2025-09-21,38.04
813,11,LinkedIn,2024-07-03,62.73
814,12,LinkedIn,2024-08-27,78.68
815,69,LinkedIn,2025-10-30,109.96
816,122,Facebook,2025-04-08,126.34
817,490,LinkedIn,2025-08-20,76.69
818,396,Google Ads,2024-03-30,41.74
819,102,Email,2025-05-22,162.12
820,371,LinkedIn,2024-06-25,142.64
821,215,LinkedIn,2025-02-03,5.25
822,579,LinkedIn,2024-11-02,172.6
823,952,Email,2024-09-23,158.75
824,456,Email,2025-06-07,157.07
825,336,Facebook,2024-10-30,130.83
826,149,LinkedIn,2025-02-23,131.8
827,949,Facebook,2024-05-02,113.56
828,175,Google Ads,2025-03-11,14.57
829,159,Facebook,2024-12-01,71.31
830,260,Referral,2025-09-25,97.18
831,696,Facebook,2025-10-18,46.59
832,59,LinkedIn,2025-09-26,169.02
833,424,LinkedIn,2024-10-30,93.83
834,557,Facebook,2024-08-22,60.13
835,733,Email,2024-01-10,132.0
836,600,LinkedIn,2024-11-04,99.24
837,644,Referral,2025-10-09,88.3
838,604,LinkedIn,2025-11-26,104.89
839,844,Email,2025-11-12,180.89
840,893,Email,2025-06-14,47.54
841,205,Email,2025-05-10,62.5
842,577,Referral,2024-07-04,50.45
843,224,Google Ads,2024-01-23,189.48
844,919,Google Ads,2024-06-28,111.18
845,497,Email,2024-05-01,86.55
846,465,Facebook,2024-01-13,61.18
847,440,Facebook,2025-04-11,52.57
848,897,LinkedIn,2025-12-31,9.5
849,445,Email,2024-01-03,62.12
850,405,LinkedIn,2025-06-12,33.17
851,303,Google Ads,2024-07-28,112.13
852,16,Email,2025-01-23,5.15
853,247,Google Ads,2025-01-10,118.19
854,897,Facebook,2024-08-27,112.81
855,489,Referral,2025-04-21,80.28
856,64,Facebook,2024-05-14,66.15
857,229,LinkedIn,2024-01-15,183.87
858,512,Google Ads,2025-02-05,142.9
859,657,LinkedIn,2025-10-08,90.8
860,940,Email,2025-08-03,108.52
861,214,Facebook,2024-07-28,25.84
862,152,Facebook,2024-08-09,119.91
863,233,Referral,2025-10-12,164.09
864,179,Facebook,2024-02-18,123.71
865,765,LinkedIn,2025-11-14,99.08
866,291,Referral,2025-07-19,120.6
867,217,Google Ads,2025-11-28,118.34
868,329,Referral,2025-01-28,117.05
869,142,Facebook,2024-12-21,28.52
870,71,Facebook,2024-06-07,124.54
871,906,LinkedIn,2025-04-12,181.04
872,768,Referral,2025-09-04,157.88
873,121,Referral,2025-10-01,17.82
874,135,LinkedIn,2025-10-19,25.42
875,215,Facebook,2024-09-12,76.53
876,911,Google Ads,2025-11-14,30.41
877,146,Email,2025-08-28,170.35
878,586,Google Ads,2025-02-05,19.73
879,331,Email,2024-04-09,18.48
880,106,Facebook,2025-01-28,152.06
881,964,LinkedIn,2024-08-03,101.48
882,285,Referral,2025-06-19,37.26
883,63,Facebook,2025-04-27,25.97
884,385,Referral,2024-09-08,51.26
885,145,Facebook,2024-07-23,55.75
886,956,LinkedIn,2024-10-13,17.22
887,630,LinkedIn,2025-08-16,130.2
888,146,Google Ads,2024-10-23,161.61
889,727,Referral,2025-12-10,102.12
890,808,Referral,2025-04-03,144.52
891,54,Google Ads,2024-06-12,196.74
892,817,Referral,2024-05-02,73.75
893,967,Referral,2024-08-23,40.92
894,462,Facebook,2024-05-27,124.63
895,527,LinkedIn,2025-10-28,57.2
896,415,LinkedIn,2024-03-16,181.3
897,94,Email,2024-11-13,42.96
898,399,LinkedIn,2024-06-28,85.86
899,782,Email,2024-02-21,133.12
900,530,Email,2024-02-12,142.32
901,920,Referral,2025-04-05,45.02
902,682,LinkedIn,2024-11-19,59.29
903,127,Facebook,2024-03-06,66.48
904,381,Facebook,2025-12-30,184.61
905,828,Facebook,2025-09-04,151.27
906,565,Email,2024-07-26,101.12
907,344,Google Ads,2024-04-17,100.31
908,986,Referral,2024-09-01,22.66
909,743,Google Ads,2024-11-28,78.72
910,155,LinkedIn,2025-06-08,82.43
911,749,Referral,2024-03-18,185.88
912,307,Email,2024-07-28,161.96
913,752,Email,2025-07-29,25.15
914,934,Google Ads,2025-01-14,57.84
915,850,LinkedIn,2024-07-19,134.91
916,188,LinkedIn,2024-04-06,126.25
917,501,Referral,2024-01-01,103.14
918,949,LinkedIn,2025-02-15,16.16
919,808,Referral,2025-01-29,91.45
920,420,LinkedIn,2024-10-24,123.42
921,833,Facebook,2025-07-10,124.62
922,71,Google Ads,2025-05-29,178.26
923,110,LinkedIn,2025-06-12,12.49
924,510,LinkedIn,2025-09-12,187.97
925,448,LinkedIn,2025-03-26,139.7
926,558,Referral,2025-11-02,146.17
927,949,Facebook,2025-12-04,24.28
928,670,Referral,2025-06-20,59.78
929,252,Referral,2025-11-14,58.7
930,534,Facebook,2025-03-20,121.96
931,436,LinkedIn,2024-11-26,96.35
932,768,Referral,2025-05-12,88.75
933,709,LinkedIn,2024-04-08,149.65
934,923,Email,2024-01-20,56.55
935,385,LinkedIn,2024-01-03,15.1
936,903,Google Ads,2024-04-24,125.82
937,941,Referral,2024-12-23,87.87
938,816,LinkedIn,2025-08-22,100.57
939,696,Referral,2025-04-06,78.18
940,405,Referral,2025-08-25,142.27
941,802,Facebook,2024-09-29,186.27
942,886,Google Ads,2025-03-31,188.89
943,19,Referral,2024-07-23,33.3
944,613,Referral,2024-05-17,97.8
945,473,Referral,2025-06-08,181.25
946,490,Email,2025-11-06,104.71
947,324,Email,2025-12-15,17.32
948,747,LinkedIn,2025-08-07,92.06
949,19,Google Ads,2024-04-24,24.99
950,179,Google Ads,2025-07-28,61.59
951,815,LinkedIn,2024-08-08,177.57
952,111,LinkedIn,2025-03-10,177.63
953,501,Google Ads,2024-06-11,151.59
954,894,Email,2024-08-24,46.67
955,72,Email,2024-12-03,86.76
956,714,LinkedIn,2025-09-14,49.45
957,278,Facebook,2024-05-02,151.33
958,396,Facebook,2024-12-21,165.47
959,688,Email,2025-07-02,105.46
960,717,LinkedIn,2025-07-31,34.53
961,622,Facebook,2025-04-28,20.27
962,730,Google Ads,2025-05-09,115.44
963,819,LinkedIn,2025-02-08,44.77
964,95,Google Ads,2024-11-11,49.48
965,357,LinkedIn,2025-10-31,32.95
966,477,Referral,2024-11-27,29.46
967,916,LinkedIn,2025-10-21,191.95
968,346,Facebook,2024-05-16,53.63
969,421,Email,2024-05-22,75.85
970,732,Facebook,2024-08-08,148.17
971,396,LinkedIn,2025-07-25,19.94
972,370,Facebook,2024-12-26,129.04
973,356,Facebook,2024-06-29,110.49
974,483,Email,2025-02-14,24.74
975,81,Referral,2025-08-08,78.43
976,881,Google Ads,2025-01-09,147.62
977,805,Referral,2024-05-05,172.09
978,349,Google Ads,2025-04-14,177.12
979,394,Google Ads,2024-02-22,110.34
980,610,Referral,2024-01-17,140.81
981,789,Google Ads,2025-05-20,13.18
982,276,LinkedIn,2025-11-01,36.07
983,555,Facebook,2024-07-18,131.29
984,488,Referral,2024-03-06,182.19
985,411,Facebook,2024-12-08,79.4
986,174,Referral,2025-12-27,69.45
987,756,LinkedIn,2025-01-12,102.95
988,968,Email,2024-11-18,47.53
989,508,LinkedIn,2025-10-05,168.01
990,266,Referral,2024-03-01,69.3
991,630,Google Ads,2024-06-23,94.7
992,164,Email,2025-10-15,94.45
993,814,Google Ads,2024-06-23,42.04
994,773,Google Ads,2024-08-06,140.02
995,90,Email,2024-06-19,185.47
996,425,Google Ads,2024-08-20,70.5
997,539,Referral,2024-01-06,190.24
998,766,Facebook,2025-02-27,169.85
999,870,Email,2025-02-10,195.15
1000,293,Facebook,2025-10-19,199.85
1001,996,LinkedIn,2025-03-24,196.4
1002,122,Google Ads,2025-11-14,169.33
1003,433,Referral,2024-01-07,151.1
1004,572,Referral,2024-02-13,57.82
1005,911,Referral,2025-06-30,138.06
1006,733,Google Ads,2024-08-30,104.87
1007,624,LinkedIn,2025-06-09,132.59
1008,489,LinkedIn,2025-04-13,105.91
1009,230,LinkedIn,2024-05-01,35.96
1010,926,Google Ads,2025-12-04,145.05
1011,535,Facebook,2025-03-28,136.43
1012,915,LinkedIn,2025-11-26,135.32
1013,59,Facebook,2025-10-15,194.14
1014,947,LinkedIn,2024-03-03,11.39
1015,268,Google Ads,2024-02-12,86.26
1016,876,Referral,2025-02-25,188.72
1017,800,Facebook,2025-02-01,15.77
1018,187,Google Ads,2024-11-03,51.56
1019,843,Facebook,2025-09-04,88.9
1020,593,Referral,2025-12-31,48.64
1021,978,Facebook,2024-08-21,113.43
1022,732,Email,2025-02-18,79.99
1023,837,Google Ads,2024-11-06,183.74
1024,555,LinkedIn,2024-05-12,76.87
1025,863,Email,2024-07-03,148.34
1026,733,Google Ads,2024-02-09,40.28
1027,684,Google Ads,2025-02-16,11.5
1028,466,Email,2024-01-31,195.79
1029,420,Google Ads,2025-09-15,192.53
1030,583,Google Ads,2025-10-04,91.21
1031,274,Referral,2024-06-23,185.2
1032,78,Google Ads,2025-03-05,63.87
1033,693,Email,2025-06-05,142.14
1034,258,Referral,2024-08-27,140.63
1035,826,LinkedIn,2025-09-27,78.17
1036,700,Email,2025-11-10,112.73
1037,911,LinkedIn,2025-08-16,123.16
1038,775,LinkedIn,2025-09-25,117.97
1039,384,Google Ads,2024-07-30,89.83
1040,636,Email,2024-06-05,175.07
1041,153,Google Ads,2025-07-15,35.46
1042,847,LinkedIn,2024-03-09,118.05
1043,142,Email,2025-04-05,23.19
1044,767,Facebook,2025-08-21,92.58
1045,926,Email,2025-11-02,79.67
1046,65,Google Ads,2024-03-01,178.0
1047,991,LinkedIn,2024-12-20,198.53
1048,418,Facebook,2025-10-11,89.59
1049,706,LinkedIn,2024-11-26,134.12
1050,325,Facebook,2024-03-23,73.31
1051,872,Referral,2025-08-03,162.08
1052,919,Google Ads,2025-08-22,177.38
1053,870,Email,2024-05-12,167.74
1054,960,Referral,2024-05-02,147.45
1055,121,Google Ads,2024-01-31,103.18
1056,28,LinkedIn,2025-02-21,147.29
1057,215,LinkedIn,2024-12-08,53.11
1058,367,LinkedIn,2024-11-02,103.69
1059,416,Referral,2025-09-18,46.95
1060,177,Google Ads,2025-10-10,40.19
1061,870,LinkedIn,2025-04-29,192.95
1062,891,Referral,2025-12-22,86.21
1063,868,Email,2024-01-11,171.45
1064,355,LinkedIn,2024-03-25,149.49
1065,742,LinkedIn,2025-05-04,128.74
1066,3,Referral,2025-04-21,193.1
1067,288,Facebook,2024-02-08,131.58
1068,901,Google Ads,2024-02-23,196.75
1069,960,Google Ads,2025-08-29,160.88
1070,335,Email,2024-11-04,153.46
1071,435,LinkedIn,2024-01-12,142.68
1072,724,Email,2024-04-26,123.37
1073,422,Email,2024-12-28,198.44
1074,9,Facebook,2025-08-21,142.49
1075,804,Email,2024-08-27,118.01
1076,351,LinkedIn,2025-11-09,167.99
1077,997,Facebook,2025-03-09,83.62
1078,929,Google Ads,2025-08-29,60.86
1079,597,Referral,2025-11-01,147.24
1080,923,Referral,2024-10-03,76.89
1081,849,Google Ads,2025-06-04,80.77
1082,312,Referral,2025-12-25,160.79
1083,524,Email,2025-03-04,97.78
1084,418,Facebook,2025-02-12,114.07
1085,947,Email,2025-01-14,28.04
1086,864,Referral,2025-07-10,130.5
1087,15,Email,2025-03-28,146.18
1088,854,Facebook,2024-04-13,140.2
1089,35,Referral,2024-06-29,103.82
1090,141,Referral,2024-01-15,84.01
1091,156,LinkedIn,2024-09-28,57.04
1092,708,Facebook,2024-03-22,100.81
1093,247,Referral,2025-10-24,118.98
1094,925,Referral,2025-06-05,178.16
1095,483,Referral,2025-06-05,198.78
1096,969,Facebook,2025-08-25,181.87
1097,308,LinkedIn,2024-10-08,27.32
1098,622,Referral,2024-01-16,168.95
1099,931,Email,2024-08-04,188.9
1100,443,Email,2025-07-17,14.13
1101,193,Google Ads,2024-01-25,91.47
1102,979,Referral,2024-11-13,50.03
1103,201,Email,2025-01-23,54.68
1104,395,LinkedIn,2024-03-29,124.15
1105,377,Referral,2024-06-16,101.79
1106,705,LinkedIn,2024-11-17,33.22
1107,280,Google Ads,2024-12-20,57.74
1108,661,Email,2025-02-17,120.45
1109,233,Referral,2024-11-24,95.49
1110,828,LinkedIn,2024-01-05,162.15
1111,992,Referral,2024-11-08,62.86
1112,581,Facebook,2024-05-04,32.37
1113,747,Email,2024-03-14,51.63
1114,589,Referral,2025-08-21,162.26
1115,84,Google Ads,2024-07-04,64.73
1116,712,Referral,2024-01-21,87.67
1117,868,Facebook,2024-06-15,86.71
1118,399,LinkedIn,2024-05-09,149.6
1119,134,Facebook,2024-01-08,106.11
1120,276,Facebook,2024-03-24,160.5
1121,128,Google Ads,2024-07-07,110.56
1122,944,Google Ads,2024-11-01,30.33
1123,19,Facebook,2025-09-13,126.72
1124,304,Referral,2025-08-10,88.83
1125,98,Email,2025-01-31,135.52
1126,701,LinkedIn,2025-01-23,48.38
1127,65,Email,2024-01-18,90.14
1128,355,Email,2025-02-25,57.89
1129,162,Email,2025-11-02,60.94
1130,341,Google Ads,2025-09-24,29.57
1131,39,Referral,2025-05-10,94.05
1132,644,LinkedIn,2025-04-19,78.79
1133,903,Email,2025-04-25,181.08
1134,917,Google Ads,2024-02-18,161.59
1135,212,Google Ads,2024-08-31,70.66
1136,747,Email,2024-05-10,28.82
1137,701,Email,2024-11-01,5.05
1138,529,Email,2025-06-19,55.09
1139,247,Email,2024-11-16,180.18
1140,869,Facebook,2024-11-09,28.11
1141,537,LinkedIn,2024-11-22,139.79
1142,688,LinkedIn,2025-11-11,185.34
1143,713,Email,2024-05-04,38.66
1144,701,LinkedIn,2024-09-17,150.08
1145,900,Email,2024-04-29,199.86
1146,455,Facebook,2025-07-11,45.29
1147,384,Google Ads,2025-10-16,18.84
1148,706,Email,2025-04-30,30.21
1149,849,Email,2025-09-24,169.92
1150,633,Referral,2024-10-31,50.0
1151,364,Referral,2025-03-23,181.49
1152,52,Email,2025-02-05,31.95
1153,308,Facebook,2024-11-05,194.13
1154,19,Facebook,2024-10-22,45.82
1155,439,Email,2024-06-30,156.35
1156,515,LinkedIn,2025-07-27,196.98
1157,23,Facebook,2024-02-27,78.23
1158,708,LinkedIn,2024-12-11,72.35
1159,518,LinkedIn,2024-11-29,89.17
1160,178,Google Ads,2025-09-05,43.98
1161,912,LinkedIn,2024-05-16,38.7
1162,767,LinkedIn,2025-01-01,124.35
1163,458,LinkedIn,2024-12-04,25.79
1164,52,Facebook,2025-02-14,191.19
1165,880,LinkedIn,2024-08-08,148.79
1166,589,Facebook,2025-02-04,193.73
1167,786,Facebook,2025-12-05,110.99
1168,883,Email,2024-02-10,75.68
1169,502,Facebook,2025-08-28,175.53
1170,741,Email,2025-11-23,100.18
1171,266,Email,2024-07-22,45.52
1172,683,Email,2025-02-08,14.1
1173,444,Email,2025-02-26,44.46
1174,153,Email,2024-09-25,141.88
1175,232,LinkedIn,2024-12-21,41.62
1176,50,Email,2024-05-18,138.98
1177,196,Facebook,2024-06-21,45.36
1178,99,Facebook,2025-01-20,54.68
1179,661,Referral,2024-10-30,97.77
1180,29,Email,2025-04-28,40.05
1181,890,Referral,2025-02-07,182.29
1182,727,Referral,2024-03-13,156.99
1183,276,Google Ads,2025-07-07,79.12
1184,933,Referral,2024-06-25,41.61
1185,425,Email,2025-11-23,183.66
1186,413,Google Ads,2025-07-08,26.03
1187,362,LinkedIn,2025-06-29,75.97
1188,304,Referral,2025-10-23,92.89
1189,452,Google Ads,2024-10-16,192.22
1190,418,Referral,2024-12-19,12.0
1191,843,Google Ads,2025-06-02,36.5
1192,931,LinkedIn,2025-01-18,194.94
1193,119,Google Ads,2024-04-08,79.21
1194,421,Referral,2025-09-19,157.39
1195,822,Referral,2025-08-08,55.78
1196,495,Google Ads,2025-05-01,89.04
1197,467,Google Ads,2024-09-08,164.3
1198,42,Facebook,2025-05-22,167.31
1199,820,Google Ads,2025-11-16,171.19
1200,155,Google Ads,2025-01-25,112.08
1201,74,Facebook,2025-08-06,163.26
1202,253,Referral,2025-08-16,50.8
1203,583,Facebook,2025-01-15,148.33
1204,24,Google Ads,2025-05-13,174.98
1205,702,Facebook,2025-08-20,27.75
1206,263,Facebook,2024-01-23,168.49
1207,362,Google Ads,2024-02-12,82.46
1208,294,Facebook,2025-05-19,198.05
1209,861,Email,2024-01-08,192.38
1210,250,LinkedIn,2025-06-21,111.24
1211,551,Referral,2025-03-05,58.49
1212,154,Referral,2024-02-18,199.77
1213,278,Google Ads,2025-09-19,106.33
1214,384,Facebook,2024-05-01,172.04
1215,133,Google Ads,2024-12-06,87.14
1216,881,Google Ads,2025-08-13,156.61
1217,516,Referral,2025-04-08,26.75
1218,138,Google Ads,2025-09-19,122.74
1219,998,Referral,2025-03-24,25.58
1220,763,LinkedIn,2025-12-14,163.06
1221,663,LinkedIn,2025-11-03,51.29
1222,562,Google Ads,2024-08-01,34.08
1223,571,LinkedIn,2024-07-26,57.84
1224,541,Facebook,2024-08-03,160.75
1225,256,LinkedIn,2025-02-26,131.87
1226,712,Referral,2025-12-03,108.4
1227,464,LinkedIn,2024-10-21,167.56
1228,308,Referral,2025-01-14,184.96
1229,397,Referral,2024-10-31,13.83
1230,435,Email,2024-02-24,71.21
1231,307,LinkedIn,2024-05-08,68.52
1232,679,Google Ads,2025-04-29,73.24
1233,755,Google Ads,2025-09-07,90.59
1234,87,Facebook,2025-07-09,176.57
1235,440,Referral,2024-01-10,67.45
1236,344,Email,2025-06-21,78.77
1237,768,Google Ads,2024-03-19,190.31
1238,550,Facebook,2025-11-13,150.18
1239,909,Email,2025-10-20,141.14
1240,409,Facebook,2025-06-26,109.79
1241,299,Email,2025-01-02,35.84
1242,417,LinkedIn,2025-11-07,30.55
1243,114,Referral,2024-06-09,33.2
1244,203,Google Ads,2024-10-06,25.18
1245,117,Email,2024-02-27,128.75
1246,458,Referral,2025-05-15,137.67
1247,349,Email,2025-11-06,32.21
1248,173,Facebook,2025-10-03,87.39
1249,525,LinkedIn,2024-10-11,135.34
1250,85,Google Ads,2025-02-08,173.49
1251,686,Referral,2025-01-22,90.29
1252,876,Facebook,2025-12-01,118.47
1253,323,Facebook,2024-08-09,25.86
1254,64,LinkedIn,2025-12-01,173.49
1255,579,Google Ads,2024-10-19,194.74
1256,616,LinkedIn,2024-11-22,92.78
1257,784,Email,2024-05-18,42.02
1258,238,Referral,2025-06-23,76.62
1259,32,Email,2024-04-01,138.61
1260,214,LinkedIn,2025-02-13,145.79
1261,198,LinkedIn,2025-10-24,102.66
1262,952,Referral,2024-02-02,100.89
1263,718,Referral,2024-02-12,99.31
1264,125,LinkedIn,2024-07-19,146.03
1265,739,Email,2024-05-30,78.03
1266,308,Referral,2024-03-09,32.45
1267,4,Email,2025-09-24,175.98
1268,873,Referral,2024-12-16,108.77
1269,362,LinkedIn,2024-04-04,122.67
1270,309,Referral,2025-08-28,165.7
1271,43,Referral,2024-10-28,88.95
1272,668,Facebook,2025-06-19,67.54
1273,93,Facebook,2024-03-16,101.23
1274,422,Google Ads,2024-09-28,103.3
1275,363,Referral,2025-07-18,9.3
1276,683,LinkedIn,2025-06-15,132.67
1277,327,Email,2025-02-24,121.7
1278,583,Facebook,2024-09-02,139.9
1279,934,LinkedIn,2025-09-08,56.68
1280,633,Referral,2024-09-02,165.81
1281,494,Referral,2025-05-15,160.87
1282,698,LinkedIn,2025-12-23,40.51
1283,617,Google Ads,2024-09-30,94.71
1284,217,Google Ads,2024-01-14,147.37
1285,434,Facebook,2025-04-13,148.42
1286,455,Referral,2025-12-01,180.08
1287,994,Referral,2025-07-04,118.73
1288,71,Google Ads,2024-03-25,51.28
1289,58,Facebook,2025-01-17,48.99
1290,487,Google Ads,2024-02-06,94.65
1291,345,Google Ads,2024-08-22,91.91
1292,230,LinkedIn,2024-05-18,65.45
1293,638,Facebook,2025-12-09,50.59
1294,892,Facebook,2025-01-23,150.36
1295,185,LinkedIn,2025-06-13,16.0
1296,237,Facebook,2025-03-14,40.96
1297,646,LinkedIn,2025-09-25,122.54
1298,187,Facebook,2025-05-28,96.04
1299,432,Referral,2024-09-17,50.22
1300,452,Referral,2025-08-14,104.97
1301,490,Email,2025-09-08,98.01
1302,22,Referral,2025-01-18,191.09
1303,257,Google Ads,2024-06-21,84.25
1304,531,LinkedIn,2024-06-30,149.8
1305,227,Referral,2024-07-03,114.77
1306,272,Email,2025-07-03,161.32
1307,316,LinkedIn,2025-06-29,164.17
1308,604,Email,2024-05-04,149.59
1309,387,Facebook,2025-04-27,111.2
1310,37,Google Ads,2024-04-01,46.77
1311,771,Google Ads,2025-02-07,9.12
1312,646,LinkedIn,2025-10-24,25.08
1313,640,Facebook,2025-08-30,145.9
1314,556,LinkedIn,2025-07-20,157.69
1315,727,Email,2024-10-10,69.96
1316,683,Google Ads,2024-12-09,44.37
1317,310,Email,2024-08-27,47.35
1318,864,LinkedIn,2025-08-12,94.5
1319,646,LinkedIn,2024-03-25,88.27
1320,245,LinkedIn,2024-12-25,82.94
1321,528,Referral,2024-10-07,84.21
1322,222,Email,2024-11-19,137.63
1323,184,Email,2025-07-11,163.54
1324,845,Referral,2024-05-07,87.04
1325,619,Referral,2025-10-24,21.0
1326,341,Facebook,2024-07-31,194.1
1327,739,Google Ads,2024-11-24,47.98
1328,718,LinkedIn,2024-02-27,76.36
1329,362,LinkedIn,2025-03-15,133.35
1330,129,LinkedIn,2025-12-04,197.76
1331,344,Google Ads,2025-02-24,135.75
1332,399,LinkedIn,2024-05-20,149.47
1333,191,Email,2025-10-27,83.23
1334,131,LinkedIn,2025-06-30,178.92
1335,867,Google Ads,2025-03-17,32.6
1336,608,Facebook,2025-10-13,114.16
1337,968,Facebook,2024-05-16,53.6
1338,669,LinkedIn,2025-01-02,186.18
1339,641,Referral,2024-06-13,71.56
1340,806,Facebook,2025-06-10,80.26
1341,526,Facebook,2024-05-05,174.03
1342,4,LinkedIn,2024-08-12,13.92
1343,644,LinkedIn,2024-08-09,59.39
1344,245,Google Ads,2024-06-12,112.66
1345,428,Facebook,2024-02-21,19.26
1346,274,Facebook,2025-10-13,63.41
1347,337,LinkedIn,2025-11-16,59.19
1348,429,Referral,2024-02-11,166.71
1349,108,Email,2025-06-10,175.62
1350,402,Email,2025-10-30,152.2
1351,431,Email,2024-10-23,179.55
1352,624,Google Ads,2024-07-27,165.08
1353,425,LinkedIn,2025-08-15,123.95
1354,446,Referral,2024-08-09,115.82
1355,816,Email,2025-05-04,192.71
1356,562,Facebook,2025-12-12,69.03
1357,651,Facebook,2025-11-13,60.31
1358,491,Google Ads,2024-07-03,13.74
1359,178,Google Ads,2025-12-30,55.77
1360,660,Referral,2024-01-17,177.93
1361,672,LinkedIn,2025-03-03,48.2
1362,578,Google Ads,2025-05-14,175.84
1363,784,Email,2025-05-25,163.39
1364,905,Referral,2024-02-21,161.13
1365,751,Email,2025-09-30,132.64
1366,62,Google Ads,2025-04-09,125.44
1367,591,Email,2025-12-19,39.02
1368,127,Referral,2024-11-28,52.48
1369,843,Facebook,2025-09-06,58.65
1370,324,Referral,2025-11-30,54.9
1371,392,Google Ads,2025-07-23,33.64
1372,452,Email,2025-05-17,92.56
1373,576,Email,2024-03-14,23.15
1374,988,Google Ads,2024-03-01,52.72
1375,580,Google Ads,2024-11-10,117.49
1376,845,Referral,2024-04-28,93.8
1377,178,LinkedIn,2025-06-07,180.46
1378,250,LinkedIn,2024-02-01,64.15
1379,790,Facebook,2025-08-11,58.63
1380,88,LinkedIn,2024-08-16,6.84
1381,744,Email,2024-06-09,129.6
1382,922,Facebook,2025-03-23,120.29
1383,381,Email,2025-06-25,43.96
1384,550,Facebook,2025-11-05,105.85
1385,356,Google Ads,2025-09-11,50.66
1386,380,Email,2024-05-26,164.29
1387,459,Referral,2024-11-16,12.01
1388,400,Google Ads,2025-05-07,132.03
1389,768,Referral,2025-04-20,114.21
1390,775,Facebook,2025-03-15,151.82
1391,320,Google Ads,2025-12-19,165.04
1392,938,Google Ads,2025-04-12,140.32
1393,205,Referral,2024-03-08,70.98
1394,101,Referral,2025-08-03,177.66
1395,374,Referral,2024-07-28,61.01
1396,653,Facebook,2024-03-14,12.16
1397,723,Facebook,2025-12-09,92.57
1398,886,Referral,2025-02-28,75.65
1399,40,Google Ads,2024-06-29,127.33
1400,255,Referral,2024-10-21,178.6
1401,504,Google Ads,2024-11-07,89.86
1402,983,LinkedIn,2025-05-26,169.14
1403,733,Email,2024-03-12,33.57
1404,610,Referral,2025-02-23,8.04
1405,993,Referral,2024-01-30,9.52
1406,237,Email,2024-07-20,58.49
1407,431,Facebook,2025-01-13,95.69
1408,230,Referral,2025-12-23,5.03
1409,79,Referral,2025-12-10,84.5
1410,73,Facebook,2025-05-31,140.33
1411,467,Referral,2024-10-18,100.99
1412,610,Referral,2024-06-05,193.37
1413,237,LinkedIn,2024-09-01,6.21
1414,185,LinkedIn,2025-12-24,57.05
1415,670,Email,2024-10-12,120.2
1416,682,Facebook,2024-08-03,113.99
1417,830,Referral,2024-11-02,44.8
1418,49,LinkedIn,2025-06-17,38.23
1419,553,Facebook,2024-09-10,142.69
1420,810,Email,2025-01-02,11.5
1421,178,Email,2024-02-27,92.67
1422,948,Google Ads,2025-07-21,140.97
1423,942,Referral,2025-02-08,22.48
1424,778,Email,2024-09-01,191.15
1425,4,Referral,2025-09-23,177.3
1426,309,Email,2025-05-30,74.28
1427,433,Google Ads,2025-08-17,110.83
1428,136,Referral,2025-08-04,108.21
1429,866,LinkedIn,2024-10-18,149.99
1430,125,Email,2024-12-21,90.66
1431,518,Google Ads,2024-06-05,148.47
1432,384,Email,2024-02-07,119.21
1433,655,LinkedIn,2024-08-06,89.66
1434,301,LinkedIn,2025-03-19,8.34
1435,762,Referral,2025-01-06,24.72
1436,422,Referral,2024-06-06,108.49
1437,824,LinkedIn,2025-05-04,51.97
1438,537,Facebook,2024-06-18,60.03
1439,990,Facebook,2025-11-24,144.69
1440,781,Google Ads,2024-02-27,169.09
1441,326,Email,2024-02-18,28.01
1442,778,LinkedIn,2024-06-08,193.11
1443,620,Email,2025-06-09,14.72
1444,44,LinkedIn,2025-06-07,176.86
1445,436,Referral,2025-02-03,144.24
1446,919,Referral,2025-07-23,146.35
1447,134,Referral,2025-07-23,106.8
1448,734,Email,2024-07-29,52.02
1449,65,Google Ads,2024-12-26,164.08
1450,387,LinkedIn,2025-11-24,185.55
1451,392,Referral,2025-12-16,70.99
1452,816,Facebook,2024-11-28,109.12
1453,79,Referral,2025-06-16,132.28
1454,641,Email,2025-02-10,135.64
1455,153,LinkedIn,2025-01-23,183.58
1456,333,Facebook,2024-12-12,185.27
1457,437,Google Ads,2024-05-27,83.11
1458,576,Referral,2025-07-18,47.91
1459,305,LinkedIn,2024-02-07,14.43
1460,860,Facebook,2024-08-16,166.06
1461,791,Google Ads,2024-05-20,110.58
1462,300,LinkedIn,2024-02-05,87.28
1463,289,LinkedIn,2025-02-06,125.96
1464,643,LinkedIn,2024-04-04,89.51
1465,159,Google Ads,2024-10-31,135.79
1466,169,LinkedIn,2024-01-08,116.99
1467,535,Email,2024-04-05,33.94
1468,24,Google Ads,2025-04-25,105.05
1469,963,Referral,2025-05-29,59.45
1470,555,Google Ads,2025-01-23,46.96
1471,350,Email,2025-09-28,76.15
1472,275,LinkedIn,2024-12-07,57.06
1473,725,Facebook,2025-03-25,165.11
1474,997,LinkedIn,2024-02-06,76.35
1475,652,Google Ads,2024-09-29,79.04
1476,274,Referral,2025-05-03,197.61
1477,300,Google Ads,2025-01-11,6.49
1478,23,Referral,2025-03-24,198.3
1479,737,Facebook,2025-06-16,80.68
1480,424,Email,2024-05-30,72.2
1481,360,Google Ads,2024-01-14,108.19
1482,633,Facebook,2024-07-30,97.68
1483,996,Facebook,2024-01-24,107.66
1484,445,Email,2025-07-15,36.36
1485,935,Email,2025-11-19,168.51
1486,208,Google Ads,2024-05-31,78.75
1487,875,LinkedIn,2024-12-09,68.14
1488,922,Email,2024-09-16,34.19
1489,75,Referral,2024-06-19,71.97
1490,959,Google Ads,2024-06-25,90.78
1491,446,LinkedIn,2025-10-10,30.47
1492,683,Facebook,2024-11-21,66.27
1493,246,Facebook,2024-03-15,190.95
1494,199,Email,2025-12-13,116.63
1495,714,Google Ads,2024-10-07,34.45
1496,15,LinkedIn,2024-04-03,100.72
1497,792,Email,2024-04-14,153.86
1498,215,LinkedIn,2025-04-13,88.89
1499,553,Google Ads,2025-03-12,138.51
1500,327,Facebook,2024-08-18,162.77
1501,799,Email,2024-06-15,84.83
1502,992,LinkedIn,2024-11-05,108.39
1503,45,Referral,2025-03-04,70.72
1504,391,LinkedIn,2024-10-16,187.36
1505,30,LinkedIn,2024-08-02,147.33
1506,134,Facebook,2024-08-02,40.78
1507,826,Google Ads,2024-09-16,197.2
1508,481,Referral,2025-04-06,188.94
1509,501,LinkedIn,2025-01-12,10.45
1510,7,Email,2025-04-08,50.14
1511,299,Email,2024-08-13,166.97
1512,591,Facebook,2024-09-02,157.73
1513,836,Referral,2025-08-18,29.46
1514,551,Referral,2024-10-30,103.54
1515,465,Facebook,2024-10-24,43.55
1516,239,LinkedIn,2025-11-05,195.1
1517,419,Email,2025-06-30,110.07
1518,952,Email,2025-11-12,33.39
1519,279,Google Ads,2024-11-08,41.32
1520,867,LinkedIn,2024-07-30,9.38
1521,587,Facebook,2024-07-18,148.7
1522,822,Google Ads,2025-05-30,62.85
1523,327,Email,2024-11-16,71.89
1524,854,Referral,2025-11-01,35.3
1525,466,Google Ads,2025-07-14,150.87
1526,398,Referral,2025-03-13,81.16
1527,992,Email,2025-10-06,156.28
1528,49,Google Ads,2024-11-30,50.65
1529,172,LinkedIn,2024-02-05,182.89
1530,301,Facebook,2024-04-15,12.59
1531,519,Facebook,2024-03-31,92.02
1532,15,Facebook,2024-01-25,153.68
1533,349,LinkedIn,2025-09-25,59.25
1534,693,LinkedIn,2024-06-15,179.33
1535,476,Google Ads,2025-11-27,20.56
1536,806,Email,2025-12-24,145.58
1537,993,LinkedIn,2025-07-12,59.8
1538,135,Email,2025-07-27,125.13
1539,410,Referral,2024-06-17,26.45
1540,708,Facebook,2024-05-10,182.72
1541,293,LinkedIn,2024-06-26,120.17
1542,375,Email,2025-07-06,121.14
1543,4,LinkedIn,2025-01-16,17.75
1544,847,LinkedIn,2025-05-04,97.01
1545,120,Facebook,2025-10-24,131.42
1546,728,Facebook,2025-11-15,81.03
1547,910,Email,2024-04-29,159.18
1548,871,Facebook,2025-11-01,127.19
1549,848,Google Ads,2025-01-20,106.68
1550,669,Facebook,2025-10-03,45.92
1551,131,Facebook,2025-03-19,107.0
1552,776,LinkedIn,2025-10-04,60.78
1553,740,Referral,2025-04-20,173.16
1554,74,Facebook,2024-07-20,88.91
1555,515,LinkedIn,2025-05-07,148.45
1556,365,Referral,2024-03-13,171.5
1557,440,Google Ads,2025-07-05,152.65
1558,574,LinkedIn,2025-03-07,59.2
1559,901,Facebook,2024-07-07,195.39
1560,705,Facebook,2024-05-05,138.76
1561,787,Google Ads,2025-10-06,100.72
1562,660,Referral,2024-05-02,31.75
1563,889,LinkedIn,2024-01-01,16.39
1564,112,Referral,2024-04-02,89.81
1565,564,Google Ads,2025-03-17,122.88
1566,654,Email,2025-12-17,69.41
1567,998,Referral,2024-08-06,86.01
1568,8,Facebook,2024-10-14,116.12
1569,712,LinkedIn,2025-12-30,142.16
1570,556,LinkedIn,2024-01-21,48.15
1571,130,Facebook,2024-04-25,145.18
1572,250,Email,2025-12-28,64.87
1573,82,LinkedIn,2024-12-07,77.73
1574,502,LinkedIn,2024-11-24,119.15
1575,170,Email,2025-06-19,8.62
1576,625,Facebook,2025-09-26,113.4
1577,672,Email,2024-09-18,88.3
1578,651,Facebook,2025-06-21,45.5
1579,533,Facebook,2025-06-25,59.64
1580,139,Email,2024-10-28,129.58
1581,872,Facebook,2025-03-04,50.11
1582,802,Facebook,2025-06-18,141.81
1583,816,Google Ads,2024-11-14,12.13
1584,412,Email,2025-06-30,92.7
1585,322,Facebook,2025-05-15,100.74
1586,466,Email,2025-02-13,126.95
1587,935,Email,2024-01-27,93.64
1588,355,Google Ads,2025-10-01,116.2
1589,327,Google Ads,2025-11-05,14.37
1590,626,Google Ads,2025-10-16,107.21
1591,128,LinkedIn,2025-08-19,134.01
1592,447,Referral,2025-06-08,83.47
1593,887,Google Ads,2025-08-04,24.66
1594,409,Email,2024-07-28,12.3
1595,886,Email,2024-10-21,120.63
1596,513,Google Ads,2024-07-04,119.19
1597,576,LinkedIn,2025-08-12,92.69
1598,562,LinkedIn,2024-09-04,78.75
1599,37,Referral,2025-09-28,116.99
1600,166,Email,2025-06-08,10.88
1601,414,LinkedIn,2024-06-14,152.36
1602,19,LinkedIn,2025-01-28,139.21
1603,457,Facebook,2025-09-08,117.64
1604,152,Facebook,2024-11-20,34.4
1605,361,Google Ads,2025-01-13,43.55
1606,553,Google Ads,2024-03-05,176.63
1607,377,Facebook,2025-06-10,15.24
1608,881,Email,2024-02-13,106.64
1609,104,Email,2025-09-08,141.52
1610,978,LinkedIn,2025-02-06,73.19
1611,982,LinkedIn,2024-10-25,123.46
1612,658,Email,2025-06-13,90.36
1613,273,Referral,2025-01-04,35.0
1614,135,LinkedIn,2024-12-01,127.86
1615,319,LinkedIn,2025-12-09,115.95
1616,53,LinkedIn,2025-07-20,80.91
1617,499,LinkedIn,2025-12-06,5.41
1618,326,Facebook,2025-07-21,5.12
1619,865,Referral,2024-06-12,142.28
1620,903,Facebook,2025-12-11,169.64
1621,416,Referral,2024-07-15,120.46
1622,637,Email,2024-03-20,120.2
1623,840,Referral,2024-01-14,131.97
1624,272,Email,2025-03-04,26.15
1625,248,LinkedIn,2024-09-09,46.67
1626,487,Facebook,2024-08-08,74.2
1627,622,Email,2025-06-16,171.18
1628,758,Email,2024-03-23,68.91
1629,31,Google Ads,2025-09-05,14.7
1630,281,Referral,2025-03-14,163.22
1631,181,Email,2025-06-07,169.89
1632,75,Email,2025-11-12,172.72
1633,337,Referral,2024-02-10,95.31
1634,23,Referral,2024-06-12,114.19
1635,604,Google Ads,2025-07-17,66.72
1636,60,Email,2025-08-22,92.72
1637,200,Referral,2025-06-07,170.58
1638,615,Facebook,2024-09-23,193.22
1639,552,Email,2024-03-04,145.08
1640,771,Referral,2025-12-23,150.55
1641,54,Google Ads,2025-06-30,111.71
1642,54,Facebook,2025-05-21,194.15
1643,151,Google Ads,2024-12-06,6.97
1644,966,Google Ads,2024-03-09,31.05
1645,417,Facebook,2024-05-12,171.52
1646,706,Email,2024-09-26,70.42
1647,7,LinkedIn,2024-02-09,73.38
1648,515,LinkedIn,2024-12-02,153.19
1649,905,Google Ads,2024-06-01,111.53
1650,608,Email,2025-04-07,142.54
1651,712,Google Ads,2024-01-19,181.07
1652,660,Referral,2025-11-05,50.97
1653,348,Facebook,2025-02-18,188.58
1654,108,Google Ads,2025-05-29,159.36
1655,537,Email,2025-09-30,37.35
1656,925,Google Ads,2024-08-16,188.35
1657,3,Email,2025-07-04,134.09
1658,350,Email,2024-06-16,197.31
1659,459,Google Ads,2025-07-24,153.56
1660,234,Email,2025-08-25,131.98
1661,384,Referral,2024-06-18,147.85
1662,697,Facebook,2024-05-21,88.45
1663,362,Facebook,2024-08-17,129.18
1664,900,Google Ads,2024-05-19,191.88
1665,428,Email,2024-08-04,43.66
1666,43,Referral,2024-09-26,146.18
1667,307,Google Ads,2025-09-05,172.62
1668,497,Google Ads,2024-04-09,128.03
1669,177,LinkedIn,2025-02-11,197.0
1670,322,LinkedIn,2024-03-14,131.73
1671,434,Facebook,2025-10-06,125.29
1672,723,Email,2024-08-20,53.0
1673,197,Facebook,2025-11-29,76.86
1674,769,Google Ads,2024-03-14,79.29
1675,826,LinkedIn,2025-05-31,163.09
1676,979,Email,2024-02-24,82.92
1677,666,Facebook,2025-03-09,25.57
1678,70,Google Ads,2024-10-17,190.65
1679,614,Facebook,2024-05-13,126.7
1680,996,Email,2024-08-17,31.28
1681,963,LinkedIn,2024-07-05,113.93
1682,661,Facebook,2025-01-07,16.37
1683,904,LinkedIn,2025-12-29,63.11
1684,694,Google Ads,2025-04-05,179.23
1685,390,Referral,2025-03-01,44.75
1686,627,Facebook,2024-07-20,59.71
1687,582,LinkedIn,2024-12-09,164.5
1688,685,Google Ads,2025-08-26,98.37
1689,516,LinkedIn,2025-03-23,25.69
1690,713,Google Ads,2024-09-15,62.18
1691,430,Facebook,2024-10-17,120.26
1692,53,Email,2024-07-28,185.57
1693,178,Facebook,2025-11-04,167.74
1694,128,Email,2024-02-16,38.12
1695,683,LinkedIn,2025-06-10,132.82
1696,994,Google Ads,2024-07-03,168.43
1697,537,Referral,2024-01-31,82.82
1698,31,Referral,2024-07-23,158.35
1699,928,Email,2024-02-01,64.93
1700,592,Referral,2024-05-07,63.97
1701,476,Email,2024-06-27,63.95
1702,103,LinkedIn,2024-07-30,45.06
1703,722,Email,2025-09-22,18.31
1704,741,Referral,2025-07-18,163.99
1705,564,Google Ads,2024-09-13,65.63
1706,190,LinkedIn,2024-03-20,78.18
1707,628,Google Ads,2025-12-12,67.87
1708,213,LinkedIn,2024-07-25,74.67
1709,607,Google Ads,2025-11-09,166.91
1710,221,LinkedIn,2025-10-27,79.03
1711,470,Referral,2025-06-07,145.49
1712,334,LinkedIn,2025-10-10,84.4
1713,538,Email,2024-12-07,77.13
1714,51,Facebook,2024-04-26,22.43
1715,974,Referral,2024-07-30,72.3
1716,456,Referral,2025-01-25,134.29
1717,193,Google Ads,2024-09-27,145.62
1718,518,Google Ads,2024-08-25,20.0
1719,30,Facebook,2025-01-13,72.25
1720,980,Referral,2024-07-11,109.8
1721,581,Facebook,2025-06-20,98.29
1722,408,LinkedIn,2025-05-30,144.18
1723,39,Email,2025-01-27,153.83
1724,846,Google Ads,2024-08-18,79.66
1725,54,Referral,2024-01-29,140.26
1726,220,Google Ads,2024-12-15,85.54
1727,585,Email,2025-06-22,126.0
1728,943,Email,2024-06-12,15.92
1729,230,Email,2025-05-26,66.13
1730,150,Facebook,2024-12-13,134.68
1731,690,LinkedIn,2024-12-16,29.05
1732,577,Email,2025-01-18,183.57
1733,806,Facebook,2025-08-19,123.16
1734,474,LinkedIn,2025-11-12,94.23
1735,96,Google Ads,2025-01-14,92.82
1736,380,Referral,2025-08-15,40.66
1737,425,Email,2025-05-25,96.16
1738,714,Email,2025-03-09,44.35
1739,881,LinkedIn,2025-10-27,127.24
1740,32,Google Ads,2024-07-02,114.25
1741,651,Email,2024-07-05,181.04
1742,989,Google Ads,2024-02-29,61.15
1743,721,Google Ads,2025-05-31,163.88
1744,428,Email,2025-12-10,172.22
1745,684,LinkedIn,2024-06-02,149.1
1746,870,Email,2024-01-19,123.86
1747,146,Email,2025-06-02,104.18
1748,474,Email,2025-05-07,107.58
1749,998,LinkedIn,2025-07-16,147.39
1750,884,Referral,2025-02-16,151.11
1751,71,Referral,2025-08-03,143.29
1752,766,Referral,2025-08-15,187.02
1753,639,Facebook,2025-10-26,88.94
1754,926,LinkedIn,2024-05-31,63.03
1755,646,LinkedIn,2025-03-21,64.11
1756,513,LinkedIn,2024-04-08,137.28
1757,949,Facebook,2025-02-20,186.95
1758,432,Email,2025-11-19,113.16
1759,556,Facebook,2024-09-10,47.85
1760,184,Referral,2025-06-01,31.21
1761,583,Email,2024-06-01,182.32
1762,960,Referral,2025-04-10,168.22
1763,562,Google Ads,2024-02-21,153.79
1764,742,Facebook,2024-06-02,62.23
1765,281,Facebook,2024-01-06,44.59
1766,652,Facebook,2025-01-07,121.6
1767,482,LinkedIn,2025-04-17,65.79
1768,932,Email,2025-03-25,46.89
1769,665,Referral,2025-12-06,52.83
1770,930,Email,2025-06-15,70.83
1771,16,LinkedIn,2025-09-25,102.09
1772,784,Google Ads,2025-09-20,28.49
1773,636,Email,2024-06-28,6.29
1774,82,Google Ads,2025-10-11,164.09
1775,843,Email,2025-03-29,62.43
1776,548,LinkedIn,2024-04-03,88.37
1777,916,Facebook,2025-09-09,98.42
1778,444,Facebook,2024-10-18,158.81
1779,63,Google Ads,2025-12-14,59.9
1780,579,Referral,2025-07-24,124.46
1781,730,Google Ads,2025-09-13,77.97
1782,775,Referral,2024-12-07,59.88
1783,419,LinkedIn,2024-01-29,193.65
1784,437,LinkedIn,2024-07-21,162.06
1785,816,LinkedIn,2025-07-01,170.25
1786,136,Facebook,2025-05-04,36.13
1787,176,Email,2024-07-19,76.62
1788,668,Email,2025-12-08,87.12
1789,119,Google Ads,2025-03-15,34.73
1790,952,Email,2025-08-25,159.06
1791,722,Google Ads,2025-07-17,68.5
1792,543,Referral,2025-06-09,167.93
1793,960,Referral,2025-01-16,41.7
1794,911,Facebook,2025-05-04,36.46
1795,569,LinkedIn,2025-08-27,119.91
1796,657,Email,2025-08-11,97.51
1797,24,Email,2024-04-26,180.92
1798,869,Referral,2024-08-19,160.33
1799,489,Email,2024-06-18,93.14
1800,384,LinkedIn,2024-10-19,199.6
1801,293,Email,2025-03-15,6.64
1802,193,Email,2025-02-12,32.71
1803,305,Referral,2024-10-29,15.99
1804,409,Email,2025-11-20,150.55
1805,966,LinkedIn,2025-08-22,152.47
1806,468,LinkedIn,2024-06-07,63.22
1807,825,Facebook,2024-03-14,88.36
1808,574,Facebook,2025-05-28,95.31
1809,710,Email,2024-07-07,89.15
1810,750,LinkedIn,2024-05-29,48.27
1811,448,Facebook,2025-10-18,95.3
1812,156,Facebook,2024-05-05,61.49
1813,538,Referral,2024-11-16,89.55
1814,923,LinkedIn,2025-03-07,70.4
1815,497,Facebook,2024-11-13,84.49
1816,357,Referral,2025-03-11,140.37
1817,170,LinkedIn,2024-08-14,140.71
1818,894,Email,2025-04-10,71.5
1819,27,Facebook,2024-06-02,124.74
1820,678,Email,2024-11-07,110.4
1821,92,Referral,2024-05-03,81.15
1822,762,Facebook,2024-05-24,195.61
1823,866,Google Ads,2025-12-30,19.74
1824,112,Google Ads,2025-04-12,8.69
1825,46,Email,2025-07-05,169.6
1826,681,LinkedIn,2025-02-19,49.57
1827,335,Google Ads,2025-09-05,196.01
1828,856,Referral,2024-01-06,49.01
1829,716,Referral,2025-02-25,57.13
1830,240,Referral,2024-01-27,95.29
1831,962,Facebook,2024-10-15,31.58
1832,98,Referral,2025-02-06,142.78
1833,574,Email,2025-09-26,21.64
1834,876,Email,2025-10-27,176.71
1835,921,Google Ads,2024-01-21,134.2
1836,530,Email,2025-12-07,169.98
1837,505,Google Ads,2024-01-02,46.38
1838,563,Email,2025-02-25,8.09
1839,496,Email,2024-12-02,133.46
1840,128,Referral,2024-08-02,32.09
1841,373,Referral,2024-11-15,171.37
1842,600,Email,2025-05-09,157.94
1843,27,Google Ads,2025-03-04,100.09
1844,529,Facebook,2025-04-30,151.97
1845,713,Facebook,2024-06-06,100.71
1846,169,Referral,2025-11-12,161.06
1847,253,Facebook,2025-10-21,156.18
1848,175,LinkedIn,2025-07-16,51.33
1849,796,LinkedIn,2024-11-05,189.35
1850,63,Google Ads,2025-11-25,136.61
1851,328,LinkedIn,2025-03-08,55.98
1852,702,Facebook,2024-03-25,51.47
1853,371,Facebook,2025-11-24,90.62
1854,579,Email,2024-10-09,196.75
1855,543,Google Ads,2024-11-11,96.46
1856,43,LinkedIn,2024-06-29,86.78
1857,942,Email,2024-01-20,142.57
1858,159,Referral,2025-03-20,118.22
1859,1,LinkedIn,2024-11-06,168.76
1860,331,Facebook,2024-12-22,115.25
1861,673,LinkedIn,2024-12-05,104.07
1862,523,Email,2025-08-20,172.4
1863,946,LinkedIn,2024-06-15,125.17
1864,637,Facebook,2024-09-19,6.75
1865,600,Referral,2024-02-03,81.44
1866,606,Google Ads,2025-11-12,92.2
1867,607,Google Ads,2024-05-06,171.8
1868,612,Referral,2024-08-22,49.5
1869,526,Email,2025-05-30,72.44
1870,875,Email,2024-04-15,151.56
1871,385,LinkedIn,2025-10-20,140.57
1872,681,LinkedIn,2025-05-11,158.58
1873,991,Google Ads,2024-07-11,31.33
1874,335,Google Ads,2024-12-01,61.78
1875,912,Facebook,2025-11-13,54.5
1876,44,LinkedIn,2024-02-07,197.19
1877,960,LinkedIn,2024-06-17,60.47
1878,430,Email,2024-02-10,18.3
1879,384,LinkedIn,2024-01-12,82.81
1880,679,Google Ads,2025-12-10,100.06
1881,34,Facebook,2024-01-04,39.04
1882,702,Facebook,2025-12-26,86.5
1883,115,Referral,2025-01-28,18.31
1884,3,Google Ads,2024-10-13,9.45
1885,780,Facebook,2024-10-02,179.54
1886,182,Google Ads,2025-10-11,64.56
1887,188,LinkedIn,2024-06-06,81.85
1888,344,Referral,2025-02-27,113.08
1889,969,LinkedIn,2024-10-01,146.19
1890,276,LinkedIn,2025-01-13,166.97
1891,486,Google Ads,2024-01-01,117.38
1892,223,Referral,2025-04-27,158.79
1893,768,Referral,2024-05-06,62.8
1894,841,Email,2025-06-10,83.49
1895,253,Facebook,2024-01-12,100.26
1896,398,Google Ads,2025-03-12,58.33
1897,543,Email,2024-03-20,58.61
1898,356,Referral,2024-11-23,78.66
1899,961,Email,2024-03-19,102.14
1900,648,Google Ads,2024-10-18,5.6
1901,202,Referral,2024-10-17,25.96
1902,702,Google Ads,2025-12-14,153.74
1903,223,Referral,2025-03-18,105.79
1904,68,Google Ads,2024-01-03,168.49
1905,85,Google Ads,2024-10-09,154.24
1906,425,Referral,2025-03-27,185.38
1907,6,LinkedIn,2025-12-01,25.89
1908,193,Facebook,2024-12-01,77.25
1909,671,Facebook,2025-02-11,42.75
1910,80,Email,2025-09-11,9.01
1911,771,Facebook,2024-10-15,84.54
1912,952,LinkedIn,2024-05-30,76.26
1913,317,Referral,2024-03-29,171.88
1914,707,LinkedIn,2024-11-23,172.38
1915,566,Facebook,2025-03-11,152.71
1916,223,Email,2024-05-21,175.06
1917,601,Google Ads,2025-02-21,173.2
1918,71,Email,2025-04-29,168.14
1919,627,Google Ads,2024-11-07,7.34
1920,494,Google Ads,2025-03-30,149.43
1921,534,LinkedIn,2025-08-22,81.69
1922,652,Facebook,2025-06-05,85.74
1923,611,Google Ads,2024-01-15,194.41
1924,811,Google Ads,2024-04-13,52.09
1925,986,Google Ads,2024-05-29,119.21
1926,972,Google Ads,2025-03-08,100.31
1927,648,Facebook,2024-10-08,108.26
1928,663,Google Ads,2024-08-09,122.45
1929,141,LinkedIn,2025-02-10,132.75
1930,254,Email,2024-11-01,194.93
1931,403,LinkedIn,2025-02-17,180.36
1932,320,Google Ads,2025-12-20,58.2
1933,902,LinkedIn,2025-10-26,102.56
1934,659,Email,2024-10-01,108.88
1935,314,Referral,2025-02-17,155.36
1936,1,LinkedIn,2025-04-06,99.14
1937,5,Google Ads,2024-03-27,136.77
1938,139,Google Ads,2024-05-15,109.64
1939,390,Referral,2024-12-02,11.69
1940,565,Referral,2025-04-24,61.8
1941,665,Email,2025-06-30,180.52
1942,925,Google Ads,2024-12-17,134.69
1943,198,LinkedIn,2025-04-22,30.21
1944,207,Referral,2024-04-29,100.7
1945,233,Referral,2025-01-01,95.4
1946,108,Facebook,2025-04-08,71.53
1947,679,Google Ads,2024-08-08,35.61
1948,403,Facebook,2024-09-19,166.72
1949,29,Email,2025-12-19,148.72
1950,336,Facebook,2024-08-24,185.57
1951,507,Google Ads,2024-06-07,115.18
1952,28,Facebook,2025-12-12,51.67
1953,243,Referral,2025-03-22,51.64
1954,35,Google Ads,2025-05-03,103.42
1955,505,Email,2024-05-15,88.92
1956,259,LinkedIn,2025-05-11,72.1
1957,22,Email,2024-03-09,101.97
1958,64,Referral,2025-11-01,147.67
1959,300,Google Ads,2024-10-11,98.16
1960,773,Email,2024-03-03,139.24
1961,103,Email,2024-11-22,116.45
1962,849,Referral,2025-09-13,93.71
1963,894,LinkedIn,2024-10-23,15.71
1964,119,Google Ads,2024-11-23,56.93
1965,186,LinkedIn,2024-04-20,115.46
1966,599,Facebook,2025-01-31,26.97
1967,776,Google Ads,2024-09-21,83.7
1968,570,Email,2024-08-25,78.86
1969,3,Google Ads,2025-02-12,158.5
1970,803,Google Ads,2025-04-13,169.84
1971,989,Facebook,2025-04-06,67.07
1972,70,Referral,2024-12-11,170.93
1973,973,Referral,2025-09-08,37.32
1974,107,Facebook,2024-06-18,85.22
1975,745,Google Ads,2024-11-15,134.74
1976,755,Facebook,2025-12-04,129.24
1977,263,Referral,2025-03-28,29.92
1978,389,Referral,2024-04-12,168.64
1979,574,Facebook,2025-12-29,63.84
1980,106,Facebook,2025-10-24,108.81
1981,895,Email,2025-12-26,72.38
1982,285,Referral,2024-08-24,34.3
1983,523,Google Ads,2024-07-20,37.55
1984,174,Google Ads,2025-07-03,52.3
1985,369,Google Ads,2025-05-13,100.14
1986,291,Email,2024-10-15,126.49
1987,717,Email,2024-06-12,173.39
1988,568,Email,2025-08-12,25.75
1989,988,LinkedIn,2024-12-14,184.71
1990,353,Email,2024-05-19,181.08
1991,494,Referral,2024-07-27,80.33
1992,230,Google Ads,2024-08-23,186.73
1993,262,Facebook,2024-11-05,99.75
1994,867,LinkedIn,2025-11-28,15.18
1995,601,LinkedIn,2024-03-24,29.35
1996,489,Facebook,2025-12-29,164.65
1997,939,Email,2024-06-27,111.86
1998,33,LinkedIn,2025-03-21,108.42
1999,191,Referral,2024-04-13,80.02
2000,790,Email,2025-10-08,113.98
