ticket_id,customer_id,ticket_date,issue_type,resolution_hours,satisfaction_score
1,648,2025-05-29,Shipping,9.1,5
2,152,2024-09-08,Login Problem,50.5,4
3,233,2024-08-04,Billing,13.9,4
4,2,2025-07-04,Login Problem,39.0,1
5,589,2024-08-06,Product Issue,70.8,5
6,707,2025-02-18,Shipping,38.8,1
7,797,2025-05-08,Login Problem,45.4,2
8,663,2025-09-12,Product Issue,61.5,2
9,485,2024-12-23,Login Problem,55.3,5
10,926,2024-03-11,Billing,32.4,3
11,925,2024-03-29,Login Problem,67.5,4
12,192,2025-04-19,Billing,37.7,3
13,301,2025-04-06,Billing,63.5,4
14,452,2025-11-28,Product Issue,43.0,3
15,919,2025-12-09,Product Issue,32.3,1
16,379,2024-05-23,Refund,20.6,3
17,966,2024-10-19,Product Issue,42.7,5
18,924,2024-01-07,Billing,20.3,2
19,368,2025-12-10,Billing,11.8,3
20,51,2024-06-16,Login Problem,63.2,2
21,751,2025-05-08,Login Problem,18.2,2
22,422,2025-04-16,Billing,7.6,5
23,973,2025-07-08,Billing,49.9,3
24,971,2024-01-30,Login Problem,70.9,4
25,288,2024-02-11,Refund,31.9,4
26,699,2025-06-13,Product Issue,37.0,4
27,355,2024-10-02,Refund,2.4,1
28,767,2025-11-13,Billing,22.6,2
29,359,2024-08-05,Billing,23.2,2
30,41,2025-07-07,Billing,4.9,5
31,625,2025-04-06,Billing,44.0,1
32,988,2024-03-07,Billing,5.6,5
33,523,2025-05-22,Refund,12.6,5
34,773,2024-01-04,Login Problem,28.2,4
35,393,2025-03-20,Billing,22.9,5
36,843,2024-07-16,Shipping,23.2,5
37,553,2024-04-21,Shipping,27.1,2
38,515,2024-11-23,Product Issue,23.7,2
39,869,2024-08-28,Billing,61.2,5
40,941,2024-11-25,Login Problem,23.2,1
41,238,2025-01-09,Refund,44.1,2
42,187,2025-10-02,Product Issue,71.3,5
43,773,2024-06-22,Product Issue,57.4,3
44,387,2025-02-12,Shipping,48.7,4
45,579,2025-11-30,Shipping,34.0,2
46,346,2024-04-21,Refund,65.1,3
47,494,2024-05-02,Shipping,43.2,5
48,855,2024-10-11,Refund,20.3,5
49,199,2024-11-25,Product Issue,65.0,2
50,896,2025-11-18,Login Problem,53.0,5
51,942,2025-07-24,Billing,6.7,5
52,198,2024-12-15,Shipping,34.1,5
53,492,2025-03-11,Login Problem,60.7,2
54,556,2024-05-28,Shipping,4.9,1
55,515,2025-10-11,Product Issue,53.4,4
56,292,2025-10-13,Product Issue,39.3,5
57,23,2024-09-24,Billing,8.1,5
58,341,2025-11-12,Shipping,13.7,2
59,459,2025-02-27,Login Problem,14.1,5
60,126,2024-09-10,Product Issue,47.7,4
61,170,2024-04-26,Refund,64.4,2
62,960,2025-12-20,Product Issue,31.5,5
63,844,2025-11-23,Login Problem,4.5,5
64,312,2024-01-17,Refund,47.3,1
65,682,2025-03-25,Shipping,9.7,2
66,205,2025-04-15,Product Issue,55.7,2
67,277,2025-07-29,Product Issue,30.2,4
68,703,2024-09-03,Product Issue,28.0,4
69,58,2024-11-28,Login Problem,59.0,1
70,785,2025-02-25,Login Problem,42.4,5
71,545,2024-03-15,Billing,14.9,2
72,586,2024-02-26,Billing,13.2,3
73,965,2024-04-21,Billing,57.2,5
74,542,2024-12-29,Shipping,54.4,2
75,869,2025-12-30,Login Problem,14.8,5
76,639,2025-05-11,Login Problem,18.0,2
77,398,2025-04-09,Login Problem,31.9,4
78,233,2025-11-27,Shipping,37.9,5
79,11,2024-01-18,Billing,69.3,3
80,862,2025-04-15,Shipping,69.2,5
81,993,2025-05-27,Product Issue,39.5,3
82,576,2025-10-31,Shipping,49.9,5
83,775,2024-09-05,Billing,33.6,3
84,417,2025-01-05,Shipping,40.7,3
85,966,2024-02-17,Billing,67.4,4
86,961,2025-02-15,Billing,55.6,4
87,719,2024-07-13,Shipping,50.7,5
88,13,2024-11-22,Refund,21.5,1
89,567,2024-01-03,Product Issue,55.0,5
90,978,2024-04-12,Shipping,17.2,4
91,551,2025-07-12,Refund,67.3,5
92,326,2024-06-19,Shipping,9.5,4
93,354,2025-04-28,Billing,70.9,2
94,582,2025-08-18,Product Issue,61.1,5
95,109,2025-09-22,Billing,17.5,3
96,677,2024-07-03,Shipping,56.3,4
97,229,2025-06-10,Billing,22.0,4
98,449,2024-05-22,Refund,3.8,4
99,745,2025-07-24,Shipping,47.6,2
100,518,2025-10-02,Shipping,1.6,1
101,436,2024-02-13,Billing,46.9,5
102,275,2024-06-18,Billing,13.6,1
103,232,2024-08-30,Shipping,57.6,2
104,511,2024-10-23,Billing,27.5,3
105,117,2025-06-11,Refund,47.0,5
106,601,2025-12-05,Billing,45.1,5
107,217,2024-09-03,Login Problem,64.1,2
108,80,2024-05-10,Refund,33.2,1
109,147,2024-06-01,Refund,53.3,4
110,31,2024-10-20,Login Problem,56.2,3
111,976,2025-06-12,Refund,34.2,2
112,613,2025-06-15,Product Issue,50.9,5
113,815,2025-07-19,Login Problem,66.8,5
114,487,2024-12-15,Billing,18.9,4
115,859,2025-07-15,Refund,31.5,2
116,571,2025-03-23,Product Issue,46.8,5
117,207,2025-12-09,Product Issue,62.9,1
118,974,2025-12-31,Refund,35.1,2
119,417,2024-07-12,Refund,38.6,4
120,476,2024-12-09,Login Problem,10.6,4
121,848,2024-08-15,Login Problem,20.9,2
122,582,2025-11-04,Login Problem,13.6,5
123,415,2025-11-24,Shipping,13.6,5
124,808,2025-08-05,Product Issue,59.1,2
125,325,2025-06-05,Login Problem,46.1,4
126,7,2024-09-17,Login Problem,9.0,3
127,906,2025-04-23,Login Problem,15.6,2
128,728,2025-02-12,Login Problem,52.4,3
129,819,2025-07-31,Login Problem,41.5,5
130,551,2025-11-05,Product Issue,2.3,5
131,87,2025-02-18,Login Problem,37.4,2
132,533,2024-12-08,Refund,12.9,3
133,893,2024-12-27,Login Problem,57.0,2
134,858,2025-08-06,Shipping,54.2,5
135,627,2024-07-29,Product Issue,30.8,4
136,546,2025-08-27,Billing,32.2,3
137,140,2025-12-26,Billing,29.9,4
138,73,2024-08-06,Shipping,7.8,5
139,725,2025-06-21,Login Problem,56.4,1
140,587,2025-09-01,Billing,15.6,2
141,275,2024-04-14,Shipping,54.1,5
142,658,2024-08-04,Shipping,40.3,1
143,713,2024-04-06,Shipping,18.6,4
144,543,2024-02-21,Product Issue,43.5,1
145,827,2025-03-08,Shipping,23.3,1
146,359,2024-03-23,Product Issue,55.6,4
147,352,2025-11-27,Refund,33.9,4
148,293,2024-11-15,Product Issue,20.3,2
149,801,2025-07-11,Login Problem,34.6,2
150,344,2024-07-05,Login Problem,24.0,1
151,174,2024-09-20,Login Problem,39.6,5
152,519,2025-08-25,Billing,32.5,1
153,356,2025-09-04,Billing,17.1,2
154,433,2024-08-19,Shipping,28.5,5
155,685,2024-09-21,Refund,4.9,5
156,284,2025-02-07,Login Problem,60.1,1
157,357,2024-03-18,Refund,61.5,5
158,428,2025-07-27,Billing,55.1,3
159,412,2025-09-30,Billing,9.9,4
160,230,2024-02-11,Billing,57.7,5
161,63,2025-05-24,Billing,55.8,2
162,464,2024-01-24,Login Problem,35.5,5
163,657,2024-02-09,Shipping,40.9,5
164,550,2025-05-13,Refund,8.7,5
165,391,2024-03-18,Product Issue,37.0,4
166,999,2025-10-18,Product Issue,8.8,1
167,943,2025-11-01,Login Problem,54.1,3
168,722,2024-09-28,Shipping,16.0,4
169,530,2024-01-26,Billing,48.8,2
170,49,2025-05-14,Billing,57.1,3
171,484,2024-09-17,Product Issue,11.3,4
172,618,2024-03-07,Billing,62.2,5
173,835,2024-05-06,Refund,61.7,4
174,496,2025-06-27,Billing,25.6,3
175,356,2024-07-13,Product Issue,56.7,1
176,376,2025-06-26,Login Problem,34.7,2
177,429,2024-11-28,Product Issue,51.1,1
178,619,2025-02-25,Refund,36.0,1
179,502,2024-12-11,Billing,58.5,1
180,593,2025-02-12,Billing,35.1,1
181,968,2025-05-15,Billing,30.4,1
182,97,2025-10-05,Refund,68.6,3
183,516,2024-07-13,Login Problem,41.2,3
184,518,2024-05-25,Billing,10.4,3
185,19,2025-06-27,Shipping,53.9,1
186,433,2025-06-13,Product Issue,65.4,1
187,520,2025-10-08,Refund,26.3,2
188,342,2024-05-09,Refund,38.8,5
189,285,2025-01-24,Billing,1.1,1
190,417,2024-10-06,Login Problem,47.6,4
191,953,2024-08-09,Refund,57.5,4
192,571,2024-03-10,Product Issue,57.8,1
193,844,2024-07-20,Shipping,36.8,2
194,251,2024-03-22,Login Problem,34.1,4
195,217,2025-12-13,Refund,5.7,4
196,751,2024-06-15,Login Problem,30.2,2
197,62,2024-05-28,Product Issue,2.1,4
198,523,2024-02-25,Product Issue,12.0,2
199,405,2024-10-16,Billing,21.5,3
200,192,2025-08-09,Login Problem,20.5,2
201,494,2025-10-08,Login Problem,19.3,3
202,790,2024-08-28,Refund,13.5,2
203,855,2024-09-28,Shipping,21.1,3
204,865,2025-03-09,Product Issue,4.3,5
205,192,2024-10-23,Shipping,28.0,1
206,75,2025-06-10,Product Issue,58.1,4
207,558,2025-03-02,Login Problem,52.3,1
208,873,2024-03-09,Billing,69.2,2
209,348,2024-12-12,Refund,19.2,3
210,204,2025-01-21,Refund,54.1,5
211,240,2024-10-01,Billing,9.1,5
212,158,2024-09-18,Refund,42.1,1
213,169,2024-04-06,Shipping,43.9,5
214,451,2025-09-24,Shipping,10.2,2
215,237,2025-10-21,Login Problem,48.6,1
216,162,2024-04-10,Billing,43.7,4
217,122,2024-11-11,Billing,8.5,4
218,461,2024-11-01,Shipping,26.0,3
219,769,2025-05-03,Login Problem,35.0,1
220,919,2025-04-10,Product Issue,42.0,4
221,953,2024-08-28,Product Issue,33.1,3
222,349,2025-10-31,Product Issue,63.1,2
223,778,2025-01-26,Refund,4.3,5
224,731,2024-11-13,Billing,38.4,5
225,619,2025-03-09,Product Issue,40.7,2
226,971,2024-05-03,Billing,48.9,4
227,689,2024-06-13,Refund,53.1,1
228,154,2024-11-08,Refund,51.0,3
229,67,2024-03-11,Login Problem,37.3,3
230,582,2025-09-07,Refund,56.6,2
231,160,2024-12-22,Login Problem,30.7,2
232,812,2024-08-25,Login Problem,69.6,2
233,960,2024-08-04,Billing,36.0,4
234,912,2025-04-14,Shipping,14.4,2
235,923,2025-12-22,Login Problem,9.1,3
236,200,2024-10-30,Shipping,2.4,5
237,196,2024-11-18,Product Issue,4.5,1
238,797,2024-05-02,Login Problem,32.0,4
239,561,2025-04-05,Billing,15.7,1
240,127,2025-09-27,Shipping,65.2,3
241,421,2024-06-16,Billing,69.4,1
242,155,2025-01-01,Login Problem,70.6,1
243,49,2024-02-18,Billing,26.1,1
244,753,2024-05-15,Login Problem,13.3,5
245,505,2025-06-09,Product Issue,41.6,3
246,768,2024-02-05,Refund,70.2,3
247,726,2025-12-25,Refund,46.9,3
248,491,2025-11-09,Billing,53.6,2
249,443,2025-05-30,Billing,4.7,2
250,883,2024-10-03,Login Problem,64.6,2
251,143,2024-08-31,Login Problem,35.7,3
252,29,2025-06-20,Refund,35.4,5
253,102,2025-03-05,Refund,69.3,5
254,493,2025-02-14,Login Problem,66.1,2
255,745,2024-10-19,Refund,3.6,1
256,329,2024-08-25,Refund,17.5,1
257,288,2024-02-17,Refund,20.7,3
258,757,2024-09-16,Shipping,35.4,3
259,399,2025-07-04,Login Problem,10.6,5
260,526,2025-10-30,Refund,5.4,4
261,349,2025-12-01,Login Problem,49.9,5
262,765,2025-11-02,Billing,23.8,5
263,609,2024-04-13,Billing,56.4,1
264,609,2024-07-01,Product Issue,8.0,4
265,924,2024-05-29,Refund,69.4,3
266,289,2024-11-09,Shipping,51.9,5
267,232,2025-09-22,Shipping,58.1,2
268,928,2025-04-19,Product Issue,50.6,1
269,917,2025-01-30,Refund,10.9,4
270,242,2025-12-29,Login Problem,24.0,1
271,276,2024-09-22,Billing,21.9,4
272,80,2024-09-26,Login Problem,42.7,2
273,989,2025-02-08,Billing,30.0,3
274,904,2024-06-20,Login Problem,66.5,3
275,505,2024-11-02,Login Problem,5.3,1
276,724,2025-06-13,Product Issue,67.9,2
277,460,2024-12-08,Refund,25.4,2
278,21,2025-11-03,Refund,22.0,2
279,515,2024-06-14,Billing,68.4,3
280,325,2024-10-01,Product Issue,28.6,1
281,170,2025-02-12,Shipping,38.0,4
282,975,2024-03-14,Shipping,10.3,4
283,247,2025-03-08,Refund,46.4,5
284,929,2025-10-01,Product Issue,18.8,3
285,524,2025-10-02,Billing,65.1,4
286,824,2024-04-13,Refund,11.3,4
287,234,2025-03-22,Billing,17.7,1
288,219,2024-06-14,Billing,56.9,2
289,683,2024-08-23,Shipping,48.8,5
290,740,2025-12-25,Billing,7.3,1
291,737,2024-03-14,Billing,36.1,4
292,735,2025-04-01,Billing,53.7,4
293,111,2025-06-05,Refund,37.0,4
294,651,2025-03-01,Login Problem,11.4,3
295,4,2025-02-27,Shipping,32.5,4
296,24,2025-08-30,Refund,68.8,3
297,194,2024-02-09,Login Problem,52.4,3
298,494,2025-05-16,Refund,64.6,4
299,366,2024-02-26,Shipping,4.7,5
300,294,2025-10-24,Shipping,68.8,1
301,751,2024-12-05,Login Problem,25.1,5
302,463,2024-08-25,Billing,52.5,4
303,166,2024-10-05,Refund,60.8,1
304,394,2024-05-15,Refund,34.5,5
305,899,2024-03-12,Shipping,18.9,3
306,914,2025-11-20,Shipping,35.6,2
307,119,2024-07-06,Billing,9.2,2
308,789,2024-11-12,Product Issue,8.3,1
309,81,2024-09-24,Billing,41.1,2
310,955,2024-09-17,Billing,24.3,3
311,35,2025-11-01,Product Issue,64.2,3
312,817,2024-10-31,Product Issue,15.2,1
313,353,2024-11-04,Refund,28.4,3
314,71,2025-09-20,Product Issue,8.9,3
315,229,2024-07-23,Product Issue,5.9,4
316,744,2024-10-10,Billing,18.5,2
317,490,2024-11-28,Refund,48.1,2
318,449,2024-07-01,Billing,30.1,2
319,21,2025-12-13,Login Problem,27.1,5
320,953,2024-04-01,Login Problem,23.7,2
321,586,2025-12-01,Login Problem,30.0,4
322,125,2025-07-20,Login Problem,32.6,3
323,962,2025-08-09,Shipping,49.4,2
324,708,2024-04-13,Billing,68.5,2
325,660,2024-10-06,Product Issue,16.2,2
326,530,2025-12-04,Login Problem,48.3,1
327,121,2025-04-02,Product Issue,56.1,1
328,95,2024-02-21,Login Problem,50.2,4
329,341,2025-06-03,Product Issue,21.2,5
330,787,2024-06-04,Refund,22.7,1
331,675,2025-03-26,Product Issue,13.5,2
332,639,2025-01-18,Product Issue,46.5,3
333,305,2025-12-23,Shipping,64.5,1
334,563,2025-12-05,Billing,40.2,4
335,128,2024-01-19,Billing,44.3,4
336,136,2024-04-20,Login Problem,19.3,1
337,391,2024-04-23,Product Issue,4.1,1
338,260,2025-08-04,Billing,28.0,4
339,508,2025-04-16,Billing,4.4,2
340,474,2024-06-27,Product Issue,60.3,2
341,23,2025-04-28,Billing,12.9,3
342,392,2025-01-08,Login Problem,26.6,1
343,678,2024-12-22,Refund,60.7,2
344,512,2024-12-17,Login Problem,32.2,1
345,50,2024-06-08,Product Issue,32.9,3
346,688,2024-04-12,Product Issue,4.2,4
347,916,2025-04-21,Billing,61.5,3
348,806,2025-04-01,Login Problem,11.5,1
349,758,2025-07-07,Refund,66.4,1
350,918,2025-10-01,Refund,51.4,2
351,97,2025-02-02,Billing,54.3,4
352,229,2025-09-04,Product Issue,11.8,3
353,452,2025-03-20,Billing,9.3,5
354,682,2024-03-04,Refund,49.8,2
355,985,2024-04-06,Refund,4.0,5
356,275,2025-06-09,Shipping,42.2,5
357,272,2024-08-05,Product Issue,14.9,2
358,833,2025-01-21,Refund,45.5,2
359,123,2024-01-07,Refund,15.2,4
360,198,2025-02-18,Refund,11.0,5
361,890,2024-03-03,Refund,47.6,5
362,249,2025-01-18,Login Problem,19.9,2
363,169,2024-10-28,Shipping,34.6,3
364,227,2025-02-26,Login Problem,20.0,2
365,821,2025-01-12,Product Issue,69.4,2
366,670,2025-03-11,Refund,4.2,3
367,654,2025-01-16,Shipping,66.6,1
368,164,2025-12-22,Refund,27.5,5
369,671,2025-08-06,Billing,65.7,4
370,159,2025-03-28,Refund,22.0,4
371,999,2024-09-30,Billing,13.9,4
372,364,2024-09-27,Product Issue,29.8,5
373,203,2025-07-09,Shipping,32.2,4
374,102,2024-05-01,Shipping,11.8,2
375,894,2025-05-19,Login Problem,45.3,3
376,107,2024-07-02,Login Problem,59.6,5
377,237,2025-09-10,Product Issue,23.2,2
378,651,2025-09-08,Refund,46.6,2
379,193,2024-03-21,Billing,61.4,5
380,740,2024-07-15,Refund,71.3,4
381,408,2024-02-18,Login Problem,5.3,3
382,475,2025-08-08,Product Issue,28.9,3
383,723,2025-08-19,Login Problem,19.6,5
384,3,2025-01-26,Shipping,33.7,5
385,169,2024-05-28,Product Issue,65.8,2
386,213,2024-09-16,Refund,60.3,2
387,442,2025-12-07,Product Issue,38.3,5
388,714,2024-11-11,Product Issue,12.8,1
389,120,2025-09-12,Login Problem,28.2,1
390,933,2025-02-08,Login Problem,1.4,2
391,658,2024-11-14,Billing,27.0,5
392,774,2025-07-04,Refund,58.7,4
393,490,2025-12-02,Refund,7.4,4
394,902,2024-01-10,Shipping,12.2,3
395,576,2025-11-11,Product Issue,41.1,4
396,592,2025-07-10,Shipping,69.1,3
397,209,2025-10-30,Billing,34.8,2
398,355,2025-08-13,Product Issue,39.3,2
399,752,2024-11-24,Product Issue,27.1,3
400,156,2025-09-02,Product Issue,39.4,3
401,479,2025-10-31,Billing,16.0,1
402,227,2025-03-28,Refund,68.8,1
403,962,2024-08-25,Login Problem,13.0,2
404,135,2024-06-25,Product Issue,17.1,2
405,351,2025-08-04,Shipping,11.3,3
406,988,2024-08-30,Refund,36.5,2
407,631,2025-01-24,Shipping,2.3,3
408,715,2025-02-12,Billing,6.2,4
409,444,2024-08-17,Refund,34.1,1
410,167,2025-10-11,Login Problem,10.6,3
411,110,2025-02-08,Login Problem,49.2,5
412,486,2024-04-24,Product Issue,48.9,5
413,187,2024-02-05,Shipping,52.0,4
414,397,2024-01-01,Refund,15.7,1
415,797,2025-07-22,Billing,48.5,2
416,634,2024-11-17,Refund,68.7,1
417,909,2025-05-23,Login Problem,9.8,4
418,737,2025-03-25,Product Issue,44.6,3
419,864,2024-02-28,Billing,43.5,4
420,546,2024-10-18,Refund,47.5,2
421,776,2024-02-25,Login Problem,16.1,1
422,507,2025-03-25,Login Problem,60.1,2
423,630,2024-02-22,Shipping,3.1,2
424,678,2025-03-07,Refund,68.8,3
425,588,2024-04-29,Billing,67.9,1
426,954,2025-12-13,Billing,37.2,4
427,532,2024-11-22,Shipping,14.8,1
428,413,2024-08-06,Refund,42.2,3
429,561,2024-06-10,Billing,2.5,5
430,624,2025-12-01,Shipping,39.2,2
431,172,2024-12-20,Login Problem,34.7,2
432,416,2024-07-16,Shipping,35.9,1
433,669,2025-04-27,Shipping,14.6,1
434,643,2025-04-13,Refund,40.9,3
435,217,2025-12-30,Shipping,38.8,1
436,949,2024-03-29,Refund,16.9,4
437,277,2024-07-13,Login Problem,10.3,1
438,633,2025-03-09,Refund,71.3,5
439,607,2024-06-10,Refund,16.8,5
440,876,2024-08-21,Product Issue,44.8,2
441,43,2025-05-24,Login Problem,56.1,2
442,373,2024-02-29,Refund,1.2,5
443,71,2024-07-14,Refund,7.6,2
444,435,2025-03-29,Login Problem,10.3,1
445,144,2025-10-08,Billing,7.0,1
446,903,2025-04-13,Billing,50.8,4
447,799,2025-04-23,Refund,46.4,4
448,91,2025-04-15,Billing,10.5,3
449,790,2025-09-12,Login Problem,35.7,5
450,270,2024-03-06,Refund,48.3,4
451,719,2025-08-11,Billing,51.4,5
452,677,2025-07-05,Login Problem,54.0,1
453,715,2025-01-07,Shipping,10.9,2
454,25,2024-09-23,Refund,38.3,3
455,251,2024-10-25,Shipping,70.1,2
456,299,2024-09-20,Shipping,32.6,1
457,777,2024-09-24,Shipping,53.5,5
458,94,2025-11-10,Shipping,56.0,1
459,460,2025-07-03,Login Problem,49.4,1
460,926,2025-04-18,Refund,66.3,5
461,816,2024-10-12,Refund,64.9,1
462,930,2025-10-09,Refund,40.8,4
463,347,2024-03-16,Refund,70.8,1
464,558,2024-02-24,Refund,58.2,2
465,120,2025-11-06,Login Problem,71.1,5
466,445,2025-03-01,Billing,5.9,3
467,575,2025-03-14,Shipping,39.8,5
468,603,2025-03-20,Refund,56.5,5
469,175,2024-12-30,Refund,24.6,1
470,69,2025-03-09,Refund,28.7,4
471,684,2024-09-03,Shipping,13.9,3
472,107,2025-01-10,Billing,68.2,5
473,457,2024-01-13,Login Problem,28.4,4
474,802,2025-03-29,Billing,3.7,2
475,261,2025-05-09,Login Problem,14.3,4
476,513,2024-10-14,Product Issue,51.3,4
477,477,2025-12-08,Product Issue,2.5,2
478,638,2025-04-24,Shipping,6.8,3
479,239,2025-04-16,Refund,34.0,1
480,359,2025-12-15,Product Issue,59.5,2
481,135,2024-06-20,Login Problem,48.9,2
482,902,2024-04-16,Login Problem,56.1,4
483,476,2024-01-02,Shipping,56.6,5
484,996,2025-11-06,Shipping,41.7,1
485,652,2024-01-12,Product Issue,70.2,5
486,245,2025-06-11,Product Issue,5.2,3
487,305,2024-08-06,Shipping,56.4,2
488,553,2024-10-09,Product Issue,44.2,5
489,660,2024-05-04,Shipping,16.0,4
490,113,2024-09-01,Refund,52.7,2
491,375,2024-04-08,Product Issue,42.3,5
492,416,2024-08-03,Shipping,68.1,2
493,684,2024-01-25,Shipping,16.9,2
494,324,2025-06-12,Refund,63.2,4
495,869,2025-02-10,Login Problem,34.9,5
496,49,2025-02-15,Billing,21.6,3
497,635,2024-09-15,Billing,67.5,2
498,651,2024-05-10,Shipping,61.2,2
499,775,2024-01-27,Refund,45.0,3
500,986,2024-05-07,Login Problem,10.5,5
501,648,2024-08-22,Login Problem,48.9,2
502,902,2025-01-06,Shipping,28.4,5
503,587,2024-10-14,Shipping,57.0,3
504,809,2024-01-12,Refund,32.3,2
505,657,2024-01-20,Refund,49.1,3
506,67,2025-01-22,Shipping,70.7,5
507,932,2025-01-12,Shipping,71.0,5
508,780,2024-04-09,Refund,32.9,5
509,52,2025-06-01,Login Problem,68.1,2
510,747,2025-09-02,Billing,60.2,3
511,566,2024-02-22,Product Issue,24.7,1
512,331,2024-01-14,Product Issue,24.7,3
513,950,2024-08-30,Refund,36.3,5
514,905,2024-04-29,Billing,62.3,4
515,920,2024-03-29,Shipping,33.8,1
516,822,2025-06-22,Shipping,18.7,5
517,332,2025-01-27,Product Issue,30.1,2
518,310,2025-09-16,Product Issue,65.3,1
519,279,2024-10-03,Product Issue,42.8,3
520,573,2025-01-23,Login Problem,50.4,5
521,603,2024-04-22,Shipping,60.1,5
522,44,2024-08-07,Billing,23.6,2
523,58,2024-01-30,Refund,12.5,5
524,505,2024-07-11,Product Issue,57.5,2
525,296,2024-09-16,Refund,10.7,2
526,242,2024-05-26,Shipping,31.8,3
527,213,2024-06-13,Refund,69.5,5
528,110,2024-08-09,Refund,67.6,1
529,282,2025-04-06,Refund,42.1,1
530,36,2024-03-14,Product Issue,28.1,2
531,827,2024-05-20,Product Issue,62.5,4
532,881,2025-11-22,Shipping,23.7,5
533,323,2024-03-03,Product Issue,4.2,1
534,786,2024-06-09,Billing,2.7,2
535,770,2025-01-06,Shipping,34.6,2
536,813,2024-12-27,Product Issue,37.1,2
537,301,2024-08-06,Refund,11.6,3
538,147,2025-06-27,Product Issue,66.5,1
539,649,2025-08-20,Billing,19.3,2
540,758,2024-08-28,Refund,40.3,1
541,715,2024-06-02,Shipping,56.7,5
542,387,2025-04-27,Login Problem,40.1,4
543,269,2024-03-05,Refund,23.4,4
544,594,2024-07-27,Product Issue,24.7,4
545,376,2025-10-10,Product Issue,50.3,1
546,489,2025-05-30,Refund,54.4,2
547,502,2024-06-30,Refund,56.1,5
548,628,2025-01-28,Shipping,69.7,1
549,681,2025-09-01,Shipping,25.5,1
550,182,2025-11-17,Product Issue,64.0,1
551,506,2025-09-28,Login Problem,33.3,4
552,259,2024-01-11,Product Issue,6.1,1
553,240,2024-08-26,Billing,23.9,4
554,840,2024-04-26,Login Problem,63.8,2
555,324,2025-06-06,Product Issue,68.6,1
556,268,2024-08-12,Refund,56.2,5
557,714,2025-05-20,Billing,64.0,4
558,434,2024-07-22,Shipping,30.5,4
559,457,2024-07-26,Login Problem,36.5,1
560,340,2025-05-01,Refund,14.4,4
561,861,2025-12-17,Shipping,42.6,3
562,820,2025-10-26,Billing,39.7,4
563,651,2025-08-18,Billing,32.8,2
564,943,2024-06-02,Refund,47.8,5
565,97,2025-04-21,Login Problem,19.9,1
566,154,2025-07-24,Billing,24.3,5
567,698,2024-08-01,Shipping,7.3,2
568,442,2025-10-05,Shipping,68.4,2
569,855,2024-05-06,Login Problem,20.3,1
570,117,2024-05-23,Product Issue,38.9,1
571,939,2025-11-02,Shipping,20.3,5
572,413,2024-12-24,Login Problem,11.8,3
573,933,2025-03-25,Login Problem,23.4,5
574,587,2025-05-20,Login Problem,50.3,3
575,366,2024-05-21,Product Issue,62.2,1
576,551,2025-07-22,Product Issue,54.8,1
577,188,2024-01-03,Refund,1.4,5
578,658,2024-01-02,Product Issue,15.2,1
579,880,2025-06-01,Shipping,60.8,1
580,903,2024-09-16,Refund,3.0,1
581,234,2024-07-24,Product Issue,46.0,4
582,791,2024-09-26,Shipping,70.2,3
583,84,2024-06-26,Shipping,3.4,5
584,121,2025-03-16,Product Issue,48.9,2
585,208,2024-12-22,Refund,60.5,1
586,307,2024-07-17,Billing,4.8,4
587,772,2025-05-14,Login Problem,67.1,2
588,435,2025-02-24,Product Issue,38.5,5
589,221,2024-09-03,Shipping,42.3,3
590,318,2025-02-05,Billing,50.6,1
591,237,2025-05-21,Shipping,26.5,3
592,86,2025-10-03,Refund,16.1,3
593,595,2025-09-17,Product Issue,43.4,2
594,648,2024-07-08,Refund,44.2,4
595,125,2024-09-22,Product Issue,16.2,4
596,756,2024-10-03,Product Issue,34.5,1
597,163,2024-07-17,Product Issue,20.4,3
598,442,2025-06-26,Product Issue,37.0,1
599,749,2024-01-17,Billing,1.3,5
600,688,2024-03-14,Product Issue,6.0,2
601,959,2024-05-11,Billing,46.5,3
602,665,2025-10-02,Refund,63.4,5
603,242,2025-11-20,Product Issue,41.4,5
604,34,2024-12-18,Shipping,16.6,1
605,628,2025-11-29,Refund,39.2,4
606,258,2025-09-23,Login Problem,6.2,1
607,816,2025-06-25,Login Problem,21.9,2
608,376,2024-01-07,Product Issue,24.6,5
609,732,2024-02-28,Billing,54.5,4
610,308,2024-11-03,Login Problem,9.1,3
611,833,2025-09-07,Product Issue,69.3,4
612,408,2025-01-11,Shipping,44.4,2
613,156,2025-10-28,Shipping,57.8,4
614,447,2025-05-15,Shipping,23.2,1
615,335,2024-04-08,Billing,7.0,2
616,502,2024-06-29,Refund,46.0,1
617,932,2025-11-09,Login Problem,6.8,4
618,514,2025-08-21,Billing,18.8,1
619,918,2024-03-29,Refund,22.4,3
620,828,2025-07-01,Product Issue,35.2,4
621,851,2024-07-12,Product Issue,19.9,1
622,881,2025-02-22,Refund,62.0,5
623,18,2025-01-22,Shipping,21.6,2
624,560,2024-05-25,Refund,69.5,4
625,32,2025-08-02,Product Issue,4.9,2
626,990,2024-02-16,Product Issue,9.7,1
627,441,2025-07-04,Shipping,61.4,4
628,279,2025-01-13,Refund,30.5,4
629,669,2024-12-27,Billing,42.8,2
630,398,2025-09-09,Billing,27.2,4
631,141,2025-10-26,Billing,13.2,4
632,426,2024-02-05,Refund,35.0,1
633,945,2024-06-24,Refund,67.1,1
634,950,2025-09-06,Shipping,28.2,3
635,163,2024-06-25,Product Issue,35.8,2
636,366,2025-12-22,Refund,65.9,4
637,490,2025-02-08,Shipping,22.5,3
638,926,2024-11-08,Billing,26.0,3
639,339,2025-01-11,Refund,59.7,5
640,243,2025-12-03,Product Issue,33.6,4
641,317,2024-06-21,Refund,57.5,2
642,806,2025-04-22,Billing,54.7,5
643,997,2025-04-13,Product Issue,59.1,5
644,147,2024-08-15,Product Issue,70.3,1
645,49,2025-11-22,Refund,57.9,2
646,791,2025-08-06,Product Issue,33.7,5
647,227,2024-08-13,Login Problem,54.4,5
648,713,2024-08-08,Product Issue,22.3,5
649,618,2024-10-04,Shipping,2.4,2
650,678,2024-02-29,Product Issue,3.9,5
651,748,2024-02-13,Login Problem,35.4,2
652,702,2025-02-18,Shipping,61.8,4
653,133,2025-05-08,Shipping,7.7,1
654,929,2024-08-26,Login Problem,44.9,3
655,973,2025-07-17,Product Issue,59.1,2
656,843,2025-12-02,Product Issue,44.6,5
657,808,2024-07-31,Product Issue,45.4,1
658,878,2024-01-22,Shipping,4.0,2
659,94,2024-03-26,Shipping,38.8,2
660,282,2024-06-15,Refund,13.2,2
661,152,2024-06-07,Product Issue,19.3,5
662,724,2025-07-05,Billing,42.6,5
663,763,2025-05-30,Login Problem,56.7,5
664,787,2025-03-21,Billing,25.4,5
665,246,2024-04-13,Refund,47.0,5
666,758,2025-05-18,Product Issue,38.1,3
667,581,2024-12-13,Shipping,62.1,1
668,555,2025-04-22,Login Problem,24.9,1
669,189,2025-10-28,Billing,60.5,5
670,127,2025-05-14,Billing,42.4,3
671,931,2025-07-09,Shipping,57.6,1
672,108,2024-02-13,Billing,1.3,1
673,685,2024-07-20,Shipping,8.2,3
674,812,2024-01-15,Refund,42.3,3
675,200,2025-03-05,Refund,68.9,5
676,932,2024-08-21,Refund,20.3,2
677,905,2025-02-26,Refund,11.3,3
678,17,2024-08-07,Refund,54.1,3
679,395,2025-07-19,Login Problem,51.3,5
680,250,2025-11-26,Shipping,39.8,4
681,5,2024-05-26,Shipping,23.1,1
682,417,2025-08-19,Shipping,64.8,1
683,137,2024-10-16,Billing,69.8,4
684,421,2025-10-03,Shipping,24.8,4
685,866,2025-08-20,Shipping,18.3,3
686,47,2024-07-26,Shipping,41.5,2
687,333,2024-10-28,Login Problem,12.8,1
688,280,2025-08-12,Shipping,69.6,3
689,200,2024-10-08,Product Issue,66.8,4
690,389,2024-03-28,Refund,64.0,2
691,273,2025-02-12,Billing,67.3,1
692,106,2024-12-06,Product Issue,49.1,2
693,28,2024-03-20,Refund,34.8,3
694,764,2025-06-21,Login Problem,31.7,4
695,449,2024-08-31,Billing,48.5,5
696,795,2024-07-17,Login Problem,5.4,3
697,499,2025-06-13,Login Problem,29.2,4
698,31,2024-07-22,Login Problem,12.0,2
699,549,2025-10-13,Billing,66.3,2
700,954,2025-01-30,Product Issue,47.7,5
701,619,2025-09-03,Product Issue,44.0,2
702,179,2024-02-02,Login Problem,31.7,3
703,293,2025-01-16,Refund,35.1,5
704,79,2025-06-24,Login Problem,20.2,2
705,200,2024-01-04,Shipping,31.8,5
706,170,2024-05-27,Billing,51.0,4
707,485,2025-10-21,Billing,7.8,4
708,662,2024-06-29,Shipping,13.1,5
709,705,2025-05-25,Refund,70.9,5
710,650,2024-12-30,Shipping,50.7,4
711,571,2024-03-02,Login Problem,6.4,2
712,174,2025-05-30,Login Problem,32.6,5
713,709,2024-02-02,Login Problem,70.8,5
714,234,2024-10-10,Refund,18.1,3
715,567,2025-10-19,Billing,40.4,5
716,140,2025-01-17,Billing,53.6,2
717,958,2025-03-06,Shipping,38.3,5
718,716,2024-02-12,Product Issue,55.4,2
719,105,2024-11-12,Login Problem,38.3,4
720,283,2025-02-09,Refund,50.5,3
721,954,2024-02-01,Billing,33.4,5
722,453,2024-08-30,Refund,23.8,2
723,610,2024-07-26,Shipping,49.3,3
724,522,2025-12-19,Refund,9.7,3
725,175,2025-02-17,Billing,12.0,4
726,937,2025-08-04,Billing,24.4,4
727,52,2024-07-30,Product Issue,33.4,1
728,63,2025-06-10,Product Issue,7.4,2
729,79,2025-07-24,Login Problem,55.5,1
730,155,2024-08-17,Login Problem,27.3,3
731,431,2024-09-16,Billing,48.8,1
732,964,2024-01-24,Login Problem,35.2,1
733,308,2025-09-10,Login Problem,37.1,2
734,365,2024-01-05,Product Issue,56.8,1
735,885,2025-04-01,Login Problem,40.8,5
736,592,2025-03-26,Product Issue,4.9,5
737,76,2024-09-29,Login Problem,48.5,1
738,151,2025-06-17,Shipping,45.0,3
739,960,2025-10-31,Login Problem,58.3,4
740,603,2025-03-25,Product Issue,16.8,4
741,979,2025-11-27,Billing,24.4,5
742,922,2024-08-11,Product Issue,14.9,3
743,205,2024-10-29,Login Problem,52.8,4
744,694,2024-12-22,Product Issue,16.9,5
745,256,2024-12-28,Refund,17.0,4
746,120,2025-05-13,Billing,46.7,2
747,605,2024-11-11,Product Issue,39.3,2
748,217,2025-05-26,Shipping,39.7,2
749,760,2024-12-11,Shipping,20.1,2
750,355,2024-06-09,Billing,15.4,2
751,920,2025-05-19,Refund,1.6,3
752,343,2024-10-25,Product Issue,66.7,1
753,989,2025-08-07,Billing,46.3,4
754,869,2025-09-06,Product Issue,48.5,4
755,365,2025-10-16,Billing,25.4,1
756,766,2024-04-15,Shipping,59.4,3
757,440,2025-10-28,Shipping,55.3,3
758,808,2025-03-08,Billing,58.1,2
759,847,2024-08-11,Billing,34.2,2
760,121,2024-03-31,Refund,52.4,2
761,26,2025-05-10,Login Problem,55.1,5
762,706,2024-08-06,Login Problem,54.4,5
763,462,2025-04-02,Shipping,44.3,5
764,468,2024-07-17,Billing,62.2,4
765,855,2025-12-28,Shipping,35.6,3
766,791,2025-12-14,Login Problem,56.4,3
767,844,2024-04-30,Product Issue,40.9,2
768,544,2025-06-04,Product Issue,66.1,3
769,640,2025-12-13,Billing,10.6,2
770,909,2024-09-28,Product Issue,14.2,4
771,474,2025-03-04,Login Problem,67.2,2
772,412,2024-01-05,Shipping,57.8,2
773,332,2024-11-28,Refund,56.8,4
774,89,2025-01-06,Login Problem,38.4,1
775,972,2024-09-29,Billing,19.1,3
776,213,2024-10-19,Refund,68.0,1
777,219,2024-06-29,Refund,68.7,2
778,483,2024-07-30,Shipping,63.7,2
779,631,2025-02-25,Product Issue,31.4,5
780,539,2025-08-23,Billing,9.5,1
781,991,2025-12-11,Refund,27.7,5
782,94,2025-09-26,Shipping,27.8,2
783,867,2025-01-18,Shipping,59.4,1
784,168,2024-11-16,Refund,8.5,2
785,876,2024-06-27,Billing,67.9,1
786,770,2024-11-16,Login Problem,4.7,5
787,652,2024-02-25,Login Problem,21.6,4
788,166,2024-10-01,Billing,50.2,5
789,73,2024-07-09,Shipping,50.4,5
790,12,2025-06-18,Login Problem,8.6,1
791,733,2025-09-04,Shipping,30.6,4
792,596,2025-04-17,Billing,57.6,2
793,503,2024-04-17,Refund,10.5,1
794,196,2025-02-03,Shipping,41.6,5
795,64,2024-04-01,Shipping,26.6,5
796,558,2025-08-05,Refund,55.4,2
797,550,2024-05-05,Billing,6.6,2
798,871,2024-06-13,Product Issue,32.5,4
799,53,2024-05-18,Shipping,7.2,2
800,874,2024-06-07,Billing,50.0,5
801,249,2025-06-17,Shipping,51.7,2
802,440,2025-02-05,Billing,58.7,4
803,435,2024-03-21,Product Issue,9.2,2
804,596,2024-11-24,Shipping,12.6,4
805,805,2024-05-23,Refund,21.4,3
806,265,2024-10-03,Billing,2.8,1
807,256,2024-06-03,Billing,50.2,2
808,377,2025-03-05,Shipping,54.6,2
809,506,2024-05-23,Refund,38.5,4
810,733,2025-11-03,Product Issue,71.1,3
811,964,2024-01-15,Product Issue,28.0,4
812,27,2024-03-04,Billing,49.4,3
813,132,2024-08-08,Shipping,61.4,2
814,21,2024-08-11,Shipping,10.7,1
815,519,2024-06-20,Billing,50.4,1
816,100,2024-10-25,Billing,32.1,4
817,397,2024-07-29,Login Problem,1.9,1
818,141,2024-07-20,Refund,23.9,1
819,933,2025-06-12,Refund,59.0,5
820,606,2024-01-20,Product Issue,29.2,2
821,147,2025-06-02,Refund,51.2,2
822,978,2025-08-07,Login Problem,48.6,2
823,270,2025-07-10,Billing,5.3,5
824,235,2024-01-03,Billing,15.0,1
825,865,2024-03-01,Shipping,21.5,4
826,259,2024-02-15,Login Problem,28.7,1
827,266,2025-09-25,Shipping,20.3,4
828,503,2025-02-06,Billing,65.1,2
829,163,2025-11-23,Refund,25.6,4
830,106,2024-09-03,Login Problem,39.8,5
831,357,2024-11-15,Refund,20.5,1
832,712,2024-11-12,Refund,68.0,3
833,320,2024-12-24,Product Issue,40.3,4
834,567,2025-11-13,Refund,19.9,4
835,533,2024-08-30,Billing,4.5,3
836,592,2025-11-03,Refund,65.9,5
837,458,2024-10-04,Product Issue,28.1,4
838,420,2024-06-07,Login Problem,1.5,3
839,248,2024-12-12,Shipping,34.3,3
840,154,2024-02-16,Login Problem,30.1,3
841,504,2025-12-10,Product Issue,8.6,3
842,97,2025-10-16,Refund,32.5,2
843,738,2024-01-13,Refund,51.5,1
844,649,2025-08-20,Login Problem,35.0,3
845,114,2025-09-29,Product Issue,33.2,5
846,929,2024-08-09,Product Issue,68.9,2
847,207,2025-01-18,Refund,40.9,3
848,310,2025-01-14,Refund,67.9,4
849,533,2024-10-31,Login Problem,63.8,1
850,639,2025-05-05,Refund,51.8,5
851,613,2025-10-09,Billing,19.8,4
852,661,2025-05-06,Refund,12.7,4
853,764,2025-08-22,Billing,53.6,1
854,61,2024-10-01,Billing,35.9,4
855,48,2025-06-15,Product Issue,17.8,3
856,205,2025-02-28,Refund,39.7,1
857,853,2024-08-12,Login Problem,38.5,2
858,389,2025-05-11,Product Issue,33.6,3
859,173,2024-06-04,Product Issue,61.4,4
860,735,2024-07-26,Billing,47.6,1
861,42,2025-08-22,Shipping,7.1,1
862,415,2024-02-20,Billing,41.0,3
863,18,2024-05-11,Refund,58.3,3
864,276,2025-06-11,Billing,60.9,5
865,828,2025-10-22,Login Problem,41.8,4
866,551,2024-06-19,Login Problem,39.1,4
867,253,2025-05-31,Refund,23.9,4
868,428,2025-07-25,Product Issue,40.0,4
869,12,2025-09-28,Product Issue,48.1,3
870,513,2025-06-16,Login Problem,64.6,4
871,447,2025-09-24,Login Problem,26.4,5
872,540,2025-11-12,Login Problem,71.3,4
873,232,2025-08-31,Shipping,64.6,1
874,439,2025-03-31,Refund,12.3,4
875,649,2025-05-16,Login Problem,28.4,4
876,241,2025-10-07,Login Problem,63.8,2
877,126,2025-02-15,Billing,50.5,1
878,446,2024-04-13,Product Issue,2.4,5
879,729,2024-10-01,Refund,62.4,3
880,651,2025-11-09,Login Problem,2.6,1
881,64,2024-03-26,Login Problem,32.6,5
882,227,2025-02-15,Refund,6.0,5
883,220,2025-07-01,Refund,39.3,5
884,689,2024-02-21,Billing,43.0,2
885,401,2025-05-26,Billing,51.6,4
886,904,2025-08-31,Refund,12.2,2
887,209,2025-05-08,Login Problem,19.6,4
888,381,2025-05-16,Billing,55.1,2
889,216,2025-09-11,Billing,33.8,5
890,214,2025-10-26,Login Problem,15.6,5
891,774,2025-12-11,Product Issue,69.3,3
892,455,2025-12-01,Login Problem,23.1,5
893,817,2024-08-31,Product Issue,5.3,5
894,630,2024-10-06,Login Problem,10.9,2
895,890,2025-01-27,Billing,69.6,5
896,113,2024-05-14,Product Issue,49.0,2
897,46,2024-03-16,Shipping,47.4,3
898,799,2024-03-28,Refund,51.6,4
899,250,2024-05-27,Login Problem,68.3,5
900,886,2024-02-07,Product Issue,19.2,5
901,963,2024-05-10,Billing,53.8,2
902,309,2024-01-31,Shipping,61.3,4
903,462,2025-03-13,Login Problem,2.4,2
904,781,2025-10-06,Login Problem,61.2,3
905,334,2025-03-12,Login Problem,32.2,1
906,172,2025-11-16,Refund,24.6,3
907,925,2024-05-27,Shipping,19.6,4
908,975,2025-08-27,Login Problem,66.3,2
909,822,2025-03-10,Shipping,26.8,2
910,442,2024-02-06,Shipping,25.0,2
911,425,2024-10-24,Login Problem,62.3,1
912,725,2025-05-08,Billing,15.8,5
913,483,2024-07-19,Refund,68.8,5
914,499,2025-03-23,Login Problem,7.5,2
915,891,2024-12-25,Product Issue,24.3,3
916,34,2024-07-22,Login Problem,3.8,1
917,49,2025-03-10,Billing,20.4,1
918,360,2024-01-16,Product Issue,34.8,2
919,975,2024-05-02,Login Problem,3.0,2
920,383,2025-12-12,Refund,39.7,1
921,168,2024-07-09,Refund,1.5,4
922,307,2025-05-20,Login Problem,5.6,3
923,666,2024-01-29,Shipping,3.9,5
924,863,2024-07-28,Login Problem,21.8,5
925,867,2024-11-22,Billing,17.9,3
926,365,2025-05-30,Shipping,19.3,4
927,976,2025-08-03,Refund,22.0,4
928,96,2024-09-11,Product Issue,62.6,1
929,310,2025-09-13,Shipping,8.3,2
930,578,2025-08-13,Shipping,32.4,4
931,422,2025-09-15,Refund,28.7,4
932,631,2024-12-07,Shipping,31.5,4
933,657,2024-10-05,Login Problem,40.0,2
934,627,2025-04-10,Login Problem,45.1,3
935,170,2024-09-11,Billing,10.0,2
936,544,2024-04-22,Login Problem,37.0,5
937,843,2024-06-06,Billing,9.0,1
938,981,2024-06-24,Product Issue,15.3,3
939,616,2025-06-13,Refund,44.9,1
940,164,2024-01-03,Product Issue,30.3,2
941,491,2025-06-18,Refund,52.6,5
942,28,2025-04-07,Refund,59.0,2
943,834,2024-01-29,Login Problem,59.9,2
944,227,2024-04-26,Shipping,42.6,2
945,888,2024-06-13,Refund,23.5,3
946,986,2025-05-12,Product Issue,38.2,3
947,123,2025-10-12,Refund,14.2,1
948,876,2025-03-22,Billing,11.8,1
949,59,2024-04-28,Shipping,71.6,5
950,221,2024-04-25,Product Issue,3.1,1
951,443,2025-05-13,Refund,19.1,1
952,333,2025-01-05,Refund,60.1,5
953,403,2024-03-18,Billing,26.7,2
954,228,2024-07-09,Login Problem,70.8,3
955,148,2025-02-05,Shipping,68.1,4
956,292,2024-04-12,Login Problem,28.7,5
957,641,2024-07-04,Product Issue,31.5,4
958,724,2025-03-02,Login Problem,30.5,5
959,534,2025-09-22,Login Problem,49.3,1
960,662,2025-05-22,Refund,4.9,1
961,871,2024-09-17,Login Problem,14.5,1
962,86,2024-03-23,Login Problem,22.3,4
963,521,2024-09-05,Product Issue,21.8,2
964,780,2025-09-27,Billing,11.3,3
965,531,2024-07-11,Refund,6.3,4
966,690,2025-02-23,Login Problem,26.0,5
967,836,2024-06-21,Billing,4.5,2
968,576,2024-06-16,Product Issue,31.9,5
969,332,2025-06-20,Shipping,42.5,2
970,505,2025-03-24,Login Problem,32.2,3
971,988,2024-08-01,Login Problem,29.0,2
972,472,2024-08-09,Refund,38.6,5
973,949,2025-10-27,Billing,64.8,3
974,283,2024-10-21,Product Issue,31.8,3
975,516,2025-12-10,Refund,65.0,5
976,524,2025-11-10,Refund,65.1,3
977,884,2024-04-26,Billing,25.5,2
978,293,2025-08-10,Billing,59.9,1
979,651,2024-05-10,Refund,34.4,5
980,292,2025-02-01,Billing,46.0,4
981,555,2025-05-08,Product Issue,68.3,5
982,75,2024-04-17,Refund,26.0,2
983,39,2025-07-22,Product Issue,48.8,1
984,68,2024-04-20,Billing,41.2,1
985,351,2024-05-11,Login Problem,33.6,3
986,140,2025-06-12,Shipping,18.5,5
987,945,2025-06-23,Login Problem,42.1,4
988,42,2024-09-09,Billing,42.3,4
989,490,2025-03-04,Shipping,38.6,5
990,257,2025-09-17,Shipping,14.2,2
991,316,2025-01-09,Billing,12.1,2
992,437,2024-01-14,Product Issue,59.1,3
993,687,2025-10-24,Login Problem,65.1,2
994,822,2024-08-07,Product Issue,15.3,4
995,852,2024-03-12,Login Problem,28.2,5
996,517,2025-10-19,Product Issue,60.5,2
997,783,2024-02-20,Refund,62.7,1
998,596,2024-09-22,Shipping,46.2,3
999,402,2024-11-25,Billing,54.7,2
1000,528,2024-08-19,Login Problem,58.4,3
1001,620,2025-02-18,Billing,48.4,4
1002,792,2024-10-26,Shipping,33.2,3
1003,903,2024-05-30,Shipping,51.5,4
1004,524,2024-01-15,Login Problem,7.8,2
1005,120,2024-12-09,Shipping,45.2,1
1006,697,2024-01-21,Shipping,69.3,1
1007,505,2025-08-06,Product Issue,28.8,1
1008,665,2024-05-01,Refund,14.9,5
1009,501,2025-06-12,Refund,29.7,4
1010,461,2025-06-14,Shipping,66.7,1
1011,786,2024-10-11,Refund,71.7,3
1012,143,2025-12-16,Shipping,16.4,1
1013,812,2024-03-05,Shipping,51.2,5
1014,270,2025-02-18,Refund,42.4,2
1015,61,2025-12-18,Refund,16.1,4
1016,564,2024-05-29,Billing,24.8,1
1017,841,2024-01-07,Refund,12.4,5
1018,920,2025-01-20,Shipping,34.0,4
1019,670,2024-04-08,Refund,41.2,3
1020,803,2025-06-08,Login Problem,34.6,1
1021,808,2025-08-02,Shipping,60.8,2
1022,543,2025-02-20,Product Issue,66.9,3
1023,462,2025-01-01,Login Problem,7.3,2
1024,205,2025-04-01,Refund,35.6,3
1025,70,2025-12-14,Shipping,23.3,3
1026,875,2024-08-14,Login Problem,11.8,4
1027,738,2024-05-20,Product Issue,30.1,5
1028,296,2024-10-11,Login Problem,46.3,5
1029,555,2024-05-28,Shipping,8.2,2
1030,411,2025-03-07,Product Issue,17.1,4
1031,53,2025-12-08,Shipping,72.0,5
1032,683,2024-12-08,Login Problem,44.8,4
1033,213,2025-10-22,Billing,4.1,5
1034,635,2025-12-15,Refund,35.1,4
1035,307,2025-10-27,Billing,4.2,5
1036,90,2025-02-08,Product Issue,70.4,5
1037,174,2024-10-30,Refund,33.2,1
1038,155,2024-10-25,Login Problem,37.4,2
1039,399,2024-11-03,Billing,42.2,3
1040,620,2025-05-25,Shipping,53.2,1
1041,204,2024-04-26,Refund,39.4,4
1042,191,2025-01-06,Shipping,59.0,5
1043,319,2025-01-03,Refund,26.1,2
1044,143,2025-09-21,Product Issue,39.6,4
1045,453,2025-09-11,Shipping,3.5,4
1046,531,2025-12-09,Billing,4.8,5
1047,765,2025-01-11,Login Problem,1.2,3
1048,288,2024-09-13,Billing,2.3,5
1049,79,2024-02-05,Login Problem,9.4,5
1050,81,2024-12-29,Refund,26.6,5
1051,524,2025-09-15,Shipping,4.6,1
1052,812,2024-12-24,Billing,12.2,3
1053,83,2025-03-10,Refund,15.7,3
1054,613,2024-11-03,Shipping,61.7,3
1055,813,2024-11-24,Shipping,5.6,5
1056,809,2024-10-02,Login Problem,3.6,4
1057,58,2025-07-17,Login Problem,71.0,3
1058,405,2024-04-29,Shipping,26.9,1
1059,891,2024-11-23,Login Problem,11.9,1
1060,446,2025-01-08,Shipping,14.6,5
1061,986,2025-06-28,Login Problem,67.6,2
1062,64,2024-05-26,Refund,70.7,5
1063,856,2024-07-05,Login Problem,6.2,2
1064,274,2025-06-26,Billing,38.7,4
1065,385,2025-12-01,Refund,61.7,5
1066,318,2025-12-24,Login Problem,15.8,5
1067,786,2024-11-11,Refund,4.2,4
1068,501,2025-01-19,Shipping,47.9,1
1069,771,2024-09-06,Login Problem,25.0,1
1070,207,2024-12-18,Billing,25.5,2
1071,333,2024-12-15,Product Issue,62.2,1
1072,227,2024-09-20,Product Issue,65.6,3
1073,606,2025-07-05,Shipping,68.7,2
1074,140,2024-12-21,Refund,69.6,1
1075,142,2024-07-15,Login Problem,10.4,5
1076,914,2025-10-29,Billing,18.1,5
1077,48,2024-06-21,Shipping,29.2,5
1078,296,2025-01-05,Refund,39.8,2
1079,600,2024-01-20,Login Problem,57.1,4
1080,281,2024-10-20,Login Problem,1.9,4
1081,463,2024-06-29,Login Problem,18.3,1
1082,282,2025-09-16,Product Issue,14.5,3
1083,169,2025-12-21,Shipping,36.6,2
1084,928,2024-01-31,Refund,62.5,2
1085,81,2025-11-04,Product Issue,31.0,4
1086,94,2025-11-11,Billing,62.6,2
1087,676,2025-02-19,Refund,7.9,4
1088,647,2024-12-04,Product Issue,69.3,3
1089,536,2025-07-26,Login Problem,62.8,2
1090,975,2025-12-10,Product Issue,69.8,5
1091,338,2024-02-29,Login Problem,68.1,2
1092,333,2025-03-11,Login Problem,51.8,2
1093,584,2025-11-01,Billing,17.0,4
1094,540,2025-04-15,Billing,42.5,5
1095,925,2024-09-15,Refund,53.6,3
1096,870,2025-06-08,Shipping,15.7,3
1097,1000,2024-12-31,Product Issue,41.4,5
1098,768,2025-04-09,Product Issue,58.0,3
1099,2,2024-04-14,Product Issue,38.5,3
1100,389,2024-09-21,Product Issue,48.1,4
1101,278,2025-08-26,Shipping,2.0,3
1102,617,2025-08-23,Shipping,52.0,3
1103,764,2025-01-07,Billing,64.7,2
1104,579,2024-10-05,Billing,28.9,3
1105,988,2025-12-18,Refund,57.1,2
1106,912,2025-07-23,Billing,39.3,2
1107,289,2025-12-22,Shipping,53.8,5
1108,227,2024-04-21,Login Problem,25.0,5
1109,845,2025-05-26,Product Issue,44.2,3
1110,840,2025-09-01,Shipping,71.3,4
1111,844,2025-05-07,Product Issue,37.9,2
1112,353,2025-03-13,Login Problem,28.8,4
1113,208,2025-12-17,Billing,37.1,3
1114,4,2024-11-27,Product Issue,61.9,3
1115,590,2025-05-04,Login Problem,25.7,2
1116,187,2024-07-30,Product Issue,2.7,5
1117,488,2025-01-02,Product Issue,3.6,1
1118,719,2024-08-01,Shipping,64.8,3
1119,438,2024-03-02,Product Issue,5.9,3
1120,250,2024-10-08,Product Issue,21.9,1
1121,709,2024-10-12,Shipping,7.8,5
1122,613,2025-03-05,Refund,60.0,5
1123,393,2024-05-20,Product Issue,35.7,3
1124,571,2024-07-31,Login Problem,56.1,3
1125,530,2024-11-08,Login Problem,21.4,2
1126,617,2024-05-05,Shipping,9.8,1
1127,393,2025-05-06,Shipping,54.6,2
1128,158,2025-01-26,Billing,29.2,1
1129,926,2024-07-25,Billing,29.7,4
1130,9,2024-02-06,Shipping,36.6,3
1131,80,2025-10-12,Shipping,26.5,3
1132,863,2025-05-03,Billing,57.9,3
1133,831,2024-09-04,Shipping,16.8,1
1134,806,2025-06-07,Billing,47.1,1
1135,878,2024-10-04,Login Problem,59.8,3
1136,969,2025-02-26,Billing,14.4,4
1137,829,2024-07-08,Refund,11.6,3
1138,786,2025-07-12,Refund,14.0,5
1139,5,2024-10-08,Login Problem,45.9,5
1140,126,2024-03-15,Refund,50.4,3
1141,166,2025-04-10,Billing,14.5,4
1142,228,2025-08-11,Refund,45.5,4
1143,610,2025-04-08,Refund,49.5,2
1144,118,2025-07-20,Shipping,41.3,5
1145,209,2025-06-27,Product Issue,15.5,1
1146,645,2024-02-22,Refund,11.0,1
1147,937,2025-05-06,Product Issue,43.0,2
1148,272,2025-12-10,Billing,46.8,2
1149,968,2025-06-12,Billing,15.6,3
1150,135,2025-01-15,Shipping,24.3,4
1151,582,2025-05-20,Login Problem,3.2,3
1152,416,2024-03-07,Billing,43.0,3
1153,868,2024-09-15,Product Issue,18.5,2
1154,40,2025-05-23,Billing,45.4,1
1155,8,2025-01-15,Login Problem,10.4,4
1156,257,2024-02-28,Login Problem,33.0,3
1157,533,2025-05-24,Billing,46.7,2
1158,507,2024-10-09,Product Issue,22.7,3
1159,477,2024-01-18,Billing,26.3,5
1160,505,2024-03-25,Billing,56.8,5
1161,283,2025-09-15,Shipping,68.4,1
1162,39,2024-12-06,Login Problem,37.7,4
1163,657,2025-11-27,Billing,60.4,5
1164,58,2024-04-20,Product Issue,54.0,2
1165,177,2025-10-04,Login Problem,4.2,1
1166,385,2024-04-16,Billing,9.7,5
1167,951,2025-12-08,Product Issue,60.2,2
1168,559,2025-11-29,Billing,51.2,2
1169,210,2025-04-11,Shipping,59.6,4
1170,858,2024-08-08,Billing,39.0,2
1171,882,2024-01-19,Billing,42.9,1
1172,104,2025-07-10,Login Problem,32.1,4
1173,287,2024-01-13,Billing,3.1,2
1174,213,2024-04-14,Billing,16.9,5
1175,649,2025-01-23,Login Problem,56.0,1
1176,195,2024-08-31,Billing,12.0,1
1177,564,2024-05-14,Product Issue,18.9,2
1178,889,2025-11-24,Shipping,36.8,1
1179,619,2025-07-06,Billing,13.5,4
1180,12,2024-03-21,Login Problem,63.6,1
1181,444,2025-02-23,Login Problem,54.6,2
1182,697,2024-04-03,Billing,59.1,5
1183,385,2024-11-17,Product Issue,46.7,2
1184,786,2025-09-19,Shipping,12.1,2
1185,559,2025-01-10,Login Problem,46.7,1
1186,133,2024-12-31,Login Problem,1.2,4
1187,140,2025-01-08,Product Issue,29.6,4
1188,415,2024-06-26,Shipping,34.0,4
1189,308,2024-06-12,Billing,28.3,3
1190,533,2024-04-24,Refund,7.4,2
1191,21,2025-08-28,Product Issue,25.7,4
1192,319,2025-08-30,Refund,26.0,2
1193,9,2025-06-05,Billing,8.6,3
1194,695,2025-10-29,Login Problem,6.4,3
1195,184,2025-05-23,Billing,18.5,1
1196,328,2024-03-21,Login Problem,70.1,5
1197,642,2025-07-24,Login Problem,42.3,3
1198,980,2024-03-04,Shipping,12.8,4
1199,499,2025-04-25,Billing,69.6,5
1200,922,2024-05-08,Login Problem,29.5,1
1201,103,2024-05-12,Refund,28.1,3
1202,190,2025-03-03,Product Issue,34.2,4
1203,286,2024-08-30,Billing,35.1,1
1204,843,2025-05-16,Shipping,36.9,2
1205,602,2025-09-28,Login Problem,38.6,5
1206,46,2025-03-27,Product Issue,19.3,3
1207,434,2025-12-04,Refund,29.0,3
1208,733,2025-07-20,Refund,27.6,1
1209,442,2025-03-12,Refund,30.9,2
1210,721,2025-12-24,Login Problem,45.1,2
1211,174,2025-08-05,Billing,59.6,3
1212,913,2024-07-11,Refund,62.5,5
1213,492,2024-07-03,Refund,55.1,1
1214,128,2025-09-09,Refund,20.5,1
1215,493,2025-10-19,Login Problem,67.3,4
1216,165,2025-12-30,Shipping,51.4,2
1217,287,2024-12-02,Login Problem,16.3,1
1218,120,2024-11-04,Login Problem,66.9,1
1219,478,2025-08-08,Login Problem,10.3,5
1220,191,2025-12-30,Product Issue,70.6,1
1221,448,2025-07-22,Refund,36.2,2
1222,719,2025-02-24,Refund,28.2,5
1223,347,2024-01-26,Shipping,23.7,3
1224,589,2024-08-27,Refund,44.9,5
1225,683,2025-03-18,Product Issue,13.2,1
1226,280,2025-12-17,Refund,53.1,4
1227,26,2025-12-21,Billing,42.9,4
1228,987,2024-09-10,Login Problem,48.3,2
1229,555,2024-03-25,Refund,69.9,3
1230,220,2024-06-19,Login Problem,57.3,3
1231,12,2024-07-09,Billing,16.1,5
1232,60,2025-09-19,Product Issue,68.2,3
1233,867,2024-05-17,Product Issue,14.9,4
1234,290,2025-10-06,Login Problem,3.6,2
1235,472,2025-09-22,Refund,40.5,3
1236,306,2025-10-08,Login Problem,29.3,5
1237,543,2025-11-09,Product Issue,13.2,3
1238,335,2024-01-06,Login Problem,62.4,4
1239,246,2024-06-03,Product Issue,51.1,4
1240,486,2024-03-11,Refund,41.0,2
1241,723,2024-07-15,Login Problem,22.4,2
1242,382,2024-08-04,Login Problem,30.9,1
1243,552,2025-06-22,Login Problem,43.3,4
1244,262,2024-05-09,Product Issue,64.5,2
1245,313,2024-04-28,Shipping,40.0,1
1246,231,2024-07-11,Shipping,4.7,5
1247,191,2025-02-13,Refund,55.1,3
1248,401,2024-04-08,Refund,36.9,3
1249,652,2024-04-05,Product Issue,70.5,1
1250,530,2024-03-27,Shipping,23.0,3
1251,786,2025-05-21,Login Problem,29.5,4
1252,348,2025-02-27,Login Problem,16.0,1
1253,539,2024-11-09,Refund,67.0,1
1254,676,2024-02-01,Login Problem,63.4,2
1255,37,2025-09-09,Billing,47.8,2
1256,158,2024-09-16,Product Issue,26.3,5
1257,881,2024-04-04,Product Issue,29.7,1
1258,258,2024-10-19,Login Problem,23.9,2
1259,820,2024-09-02,Refund,8.7,5
1260,991,2025-09-04,Shipping,64.0,4
1261,813,2025-11-16,Product Issue,29.8,5
1262,558,2024-12-24,Shipping,7.2,4
1263,263,2025-10-23,Refund,25.4,2
1264,881,2025-04-07,Product Issue,6.0,2
1265,351,2024-08-12,Billing,40.7,3
1266,883,2024-10-15,Login Problem,39.9,4
1267,343,2024-01-07,Login Problem,31.4,5
1268,579,2025-05-07,Product Issue,41.2,5
1269,766,2024-07-22,Login Problem,5.2,2
1270,505,2024-03-14,Product Issue,11.5,3
1271,932,2024-04-22,Product Issue,54.2,1
1272,947,2024-08-14,Refund,30.9,5
1273,357,2024-11-09,Login Problem,60.9,1
1274,490,2025-10-12,Product Issue,11.7,5
1275,346,2025-09-07,Shipping,41.6,2
1276,337,2025-04-12,Login Problem,61.8,2
1277,317,2024-10-18,Billing,31.9,5
1278,805,2024-11-28,Refund,66.2,2
1279,209,2024-04-10,Refund,25.6,5
1280,192,2025-07-10,Login Problem,3.3,5
1281,306,2025-08-12,Product Issue,61.2,3
1282,404,2024-08-19,Product Issue,36.6,2
1283,70,2025-11-12,Product Issue,31.1,2
1284,618,2024-06-18,Product Issue,50.8,5
1285,283,2025-04-24,Login Problem,56.9,5
1286,733,2025-10-25,Refund,30.9,1
1287,186,2024-10-18,Billing,17.0,1
1288,269,2025-08-17,Billing,69.5,2
1289,266,2025-12-01,Login Problem,17.9,5
1290,583,2025-12-06,Shipping,39.8,1
1291,645,2024-08-11,Login Problem,71.1,5
1292,405,2025-09-13,Refund,9.7,2
1293,351,2024-01-19,Shipping,69.7,4
1294,43,2025-03-08,Login Problem,59.0,1
1295,391,2025-08-16,Login Problem,39.4,1
1296,649,2024-01-20,Refund,57.5,1
1297,157,2024-05-19,Billing,48.0,2
1298,935,2024-09-21,Refund,32.9,1
1299,718,2024-01-29,Billing,15.5,1
1300,993,2025-09-03,Shipping,72.0,3
1301,104,2024-03-26,Product Issue,72.0,1
1302,368,2025-12-11,Product Issue,61.4,5
1303,342,2025-08-16,Refund,2.0,4
1304,315,2024-06-05,Product Issue,14.2,3
1305,148,2024-02-26,Login Problem,37.1,3
1306,711,2025-07-07,Billing,63.1,5
1307,647,2024-09-03,Refund,61.1,5
1308,945,2024-03-07,Login Problem,53.9,4
1309,110,2024-06-19,Refund,56.9,1
1310,398,2025-09-20,Product Issue,2.1,2
1311,445,2025-03-29,Billing,18.4,5
1312,830,2025-01-05,Product Issue,42.8,4
1313,36,2024-12-19,Shipping,2.0,3
1314,269,2025-02-08,Refund,52.1,3
1315,83,2025-07-20,Shipping,44.6,3
1316,331,2025-06-20,Login Problem,44.3,5
1317,558,2025-09-23,Shipping,45.3,2
1318,427,2024-09-24,Billing,62.8,3
1319,615,2025-03-09,Login Problem,20.7,1
1320,127,2025-05-06,Product Issue,58.7,4
1321,257,2024-04-16,Refund,14.9,1
1322,861,2024-11-07,Billing,12.2,2
1323,502,2025-06-13,Billing,67.0,5
1324,909,2025-09-04,Shipping,33.7,4
1325,665,2025-04-19,Product Issue,59.5,2
1326,872,2025-09-15,Shipping,59.3,3
1327,747,2024-05-16,Product Issue,27.0,2
1328,341,2024-09-24,Product Issue,64.6,4
1329,563,2024-07-14,Login Problem,27.7,2
1330,976,2024-11-30,Shipping,64.8,5
1331,759,2025-01-18,Login Problem,48.5,3
1332,565,2025-11-15,Login Problem,68.7,3
1333,171,2025-02-10,Shipping,65.9,5
1334,280,2025-01-09,Product Issue,63.0,4
1335,754,2025-03-12,Refund,61.5,2
1336,600,2024-10-12,Billing,33.9,2
1337,980,2025-04-21,Refund,58.3,3
1338,520,2024-09-12,Refund,14.6,4
1339,93,2025-10-30,Billing,60.6,5
1340,686,2024-02-14,Login Problem,52.2,5
1341,834,2024-11-07,Product Issue,29.0,3
1342,265,2024-03-22,Shipping,5.8,5
1343,943,2024-09-22,Login Problem,65.7,5
1344,46,2024-08-04,Shipping,33.6,3
1345,97,2025-08-19,Login Problem,62.1,1
1346,398,2024-05-30,Billing,31.8,5
1347,916,2025-12-03,Billing,36.0,1
1348,657,2025-05-09,Billing,23.9,4
1349,332,2024-10-02,Refund,61.7,5
1350,918,2025-03-21,Refund,56.2,1
1351,801,2024-10-24,Login Problem,37.4,5
1352,146,2025-09-16,Login Problem,49.0,3
1353,357,2024-01-16,Refund,40.4,4
1354,291,2025-05-07,Refund,57.4,2
1355,426,2025-07-26,Billing,17.7,4
1356,738,2025-08-17,Billing,38.3,4
1357,950,2024-06-23,Product Issue,4.9,3
1358,632,2025-07-07,Product Issue,18.1,1
1359,541,2024-09-18,Refund,57.5,3
1360,831,2024-02-08,Refund,67.3,2
1361,718,2024-08-31,Refund,47.7,1
1362,719,2025-10-16,Product Issue,55.3,5
1363,177,2024-08-16,Refund,64.3,1
1364,385,2024-04-30,Billing,51.6,5
1365,313,2024-03-07,Product Issue,40.7,2
1366,747,2024-07-27,Login Problem,55.3,2
1367,927,2025-01-04,Shipping,60.3,3
1368,731,2025-04-24,Refund,27.1,5
1369,143,2024-12-06,Login Problem,32.7,3
1370,480,2024-11-15,Billing,60.3,2
1371,325,2024-02-23,Shipping,7.0,2
1372,272,2024-12-24,Product Issue,33.0,1
1373,264,2024-09-06,Product Issue,22.6,3
1374,513,2024-07-15,Refund,7.3,4
1375,271,2024-01-24,Shipping,28.5,4
1376,787,2025-11-01,Product Issue,17.2,5
1377,548,2024-09-06,Shipping,35.1,1
1378,321,2024-11-04,Billing,47.3,3
1379,724,2024-04-20,Login Problem,19.5,2
1380,388,2025-03-31,Billing,11.2,3
1381,155,2025-10-16,Refund,42.5,3
1382,734,2025-10-09,Billing,69.8,3
1383,915,2024-12-29,Refund,3.6,5
1384,688,2025-12-12,Product Issue,28.3,4
1385,494,2024-07-03,Billing,10.0,4
1386,712,2025-03-02,Login Problem,1.0,1
1387,19,2024-06-27,Product Issue,4.2,4
1388,447,2024-04-26,Refund,6.2,1
1389,212,2025-08-06,Login Problem,31.6,4
1390,17,2024-10-28,Billing,66.4,4
1391,769,2024-10-09,Shipping,56.2,3
1392,783,2024-09-08,Shipping,10.0,2
1393,960,2025-11-28,Login Problem,61.2,2
1394,980,2024-11-16,Billing,5.4,2
1395,506,2025-04-03,Login Problem,23.5,3
1396,580,2025-03-30,Billing,28.6,1
1397,66,2024-10-13,Product Issue,37.5,3
1398,507,2024-02-28,Billing,35.9,4
1399,123,2025-08-08,Shipping,39.7,5
1400,247,2024-05-16,Refund,51.5,3
1401,420,2025-01-24,Shipping,71.7,2
1402,154,2025-03-04,Shipping,6.4,3
1403,87,2024-09-20,Product Issue,13.1,1
1404,354,2024-01-02,Refund,13.3,4
1405,185,2024-01-04,Login Problem,7.6,4
1406,661,2024-01-11,Product Issue,19.6,4
1407,488,2025-04-14,Shipping,37.5,3
1408,826,2024-02-08,Product Issue,67.9,1
1409,965,2025-08-22,Login Problem,46.9,5
1410,371,2025-09-24,Product Issue,57.5,3
1411,276,2024-10-12,Product Issue,6.3,1
1412,280,2025-07-21,Product Issue,14.5,4
1413,776,2024-04-02,Refund,56.4,3
1414,634,2024-02-14,Refund,64.1,5
1415,627,2024-05-02,Refund,65.7,1
1416,285,2025-01-15,Billing,63.6,3
1417,959,2024-05-13,Product Issue,71.9,2
1418,108,2024-12-20,Billing,45.0,5
1419,204,2024-08-29,Product Issue,17.4,4
1420,186,2025-07-27,Refund,64.0,1
1421,851,2024-10-15,Shipping,52.0,4
1422,248,2025-03-31,Billing,70.6,5
1423,403,2025-06-01,Shipping,48.8,2
1424,186,2025-08-01,Billing,32.1,2
1425,694,2025-02-19,Refund,65.8,4
1426,847,2024-07-30,Refund,26.5,2
1427,961,2025-07-31,Product Issue,30.1,5
1428,19,2025-08-16,Billing,35.4,1
1429,647,2025-09-16,Login Problem,12.1,4
1430,964,2025-01-26,Login Problem,45.5,1
1431,254,2025-07-07,Shipping,36.2,1
1432,482,2025-08-08,Shipping,25.3,3
1433,671,2025-09-10,Product Issue,68.1,1
1434,535,2024-06-27,Login Problem,70.2,1
1435,324,2024-06-01,Billing,30.8,3
1436,14,2024-12-16,Refund,50.9,5
1437,943,2024-11-06,Shipping,54.7,5
1438,633,2025-02-02,Billing,9.6,4
1439,782,2024-02-24,Refund,2.9,2
1440,281,2025-05-17,Billing,43.2,5
1441,204,2024-11-05,Shipping,18.1,5
1442,689,2024-11-27,Shipping,12.4,2
1443,184,2024-09-10,Billing,22.2,1
1444,836,2025-12-27,Product Issue,16.6,3
1445,576,2024-11-11,Product Issue,53.8,3
1446,206,2024-03-29,Shipping,29.7,3
1447,174,2024-09-06,Refund,4.2,3
1448,133,2024-11-25,Product Issue,46.6,4
1449,14,2025-01-25,Shipping,49.0,2
1450,255,2024-10-26,Refund,63.3,3
1451,50,2025-01-08,Refund,55.9,2
1452,871,2024-01-17,Shipping,21.0,5
1453,43,2025-07-03,Product Issue,22.5,5
1454,262,2024-09-10,Billing,52.9,1
1455,606,2024-08-08,Billing,61.4,2
1456,156,2025-09-08,Product Issue,55.0,2
1457,904,2024-02-04,Product Issue,53.4,5
1458,883,2024-02-20,Login Problem,11.6,5
1459,595,2024-01-06,Product Issue,35.8,2
1460,50,2024-12-30,Login Problem,36.0,1
1461,912,2024-06-21,Billing,2.2,5
1462,815,2025-03-24,Shipping,36.5,3
1463,656,2025-05-26,Product Issue,18.8,2
1464,395,2025-09-08,Billing,35.1,1
1465,680,2025-12-18,Billing,35.3,2
1466,541,2024-08-09,Billing,38.1,4
1467,452,2024-04-27,Shipping,31.6,2
1468,822,2025-09-11,Refund,26.6,3
1469,841,2025-11-29,Login Problem,13.3,4
1470,383,2024-02-04,Refund,37.8,1
1471,592,2024-12-28,Refund,33.2,1
1472,458,2024-01-10,Login Problem,3.6,5
1473,526,2024-10-21,Refund,8.3,3
1474,988,2025-02-09,Login Problem,48.0,3
1475,273,2024-06-15,Shipping,29.9,3
1476,3,2025-09-19,Login Problem,16.6,4
1477,437,2024-05-14,Login Problem,70.2,1
1478,765,2024-03-21,Refund,23.2,2
1479,95,2024-01-01,Shipping,52.7,5
1480,300,2024-03-19,Refund,35.7,5
1481,523,2024-02-20,Shipping,9.8,4
1482,277,2025-10-12,Login Problem,37.3,4
1483,545,2024-04-22,Shipping,4.9,2
1484,725,2024-04-07,Login Problem,18.9,5
1485,785,2024-10-04,Product Issue,49.4,5
1486,535,2024-05-20,Refund,65.0,2
1487,504,2024-02-13,Billing,34.3,3
1488,849,2025-08-08,Shipping,60.4,5
1489,579,2024-05-20,Billing,66.4,4
1490,412,2024-05-19,Product Issue,48.0,3
1491,816,2024-07-10,Billing,63.8,4
1492,147,2025-01-30,Product Issue,20.4,1
1493,48,2025-09-25,Product Issue,34.1,5
1494,209,2024-09-30,Shipping,58.8,3
1495,444,2024-03-26,Shipping,54.0,4
1496,229,2025-05-06,Product Issue,64.3,1
1497,226,2025-09-15,Product Issue,46.4,4
1498,666,2024-03-16,Login Problem,8.1,3
1499,525,2025-10-27,Login Problem,40.8,1
1500,582,2024-07-31,Shipping,2.2,2
